"files","species","site","colony","pop","population","sp_pop"
"Ardenna bulleri_New Zealand_Aorangi Island_Ardenna bulleri_New Zealand_GLS_2011-2013_noSST.csv","Ardenna bulleri","New Zealand","Aorangi Island","Aorangi Island","Aorangi Island, New Zealand","Ardenna bulleri_Aorangi Island"
"Ardenna bulleri_New Zealand_Aorangi Island_Ardenna bulleri_New Zealand_GLS_2011-2013_SST.csv","Ardenna bulleri","New Zealand","Aorangi Island","Aorangi Island","Aorangi Island, New Zealand","Ardenna bulleri_Aorangi Island"
"Ardenna bulleri_Poor Knights Group_Aorangi Island_zoatrack_110.csv","Ardenna bulleri","Poor Knights Group","Aorangi Island","Aorangi Island","Aorangi Island, Poor Knights Group","Ardenna bulleri_Aorangi Island"
"Ardenna carneipes_Lord Howe Island_Lord Howe Island_Ardenna carneipes_Lord Howe Island_GLS_2005-2008.csv","Ardenna carneipes","Lord Howe Island","Lord Howe Island","Lord Howe Island","Lord Howe Island, Lord Howe Island","Ardenna carneipes_Lord Howe Island"
"Ardenna carneipes_New Zealand_Kauwahaia Island_Ardenna carneipes_New Zealand_GLS_2006-2007.csv","Ardenna carneipes","New Zealand","Kauwahaia Island","New Zealand","Kauwahaia Island, New Zealand","Ardenna carneipes_New Zealand"
"Ardenna carneipes_New Zealand_Kauwahaia Island_Ardenna carneipes_New Zealand_GLS_2009-2012.csv","Ardenna carneipes","New Zealand","Kauwahaia Island","New Zealand","Kauwahaia Island, New Zealand","Ardenna carneipes_New Zealand"
"Ardenna carneipes_New Zealand_Lady Alice_1257.csv","Ardenna carneipes","New Zealand","Lady Alice","New Zealand","Lady Alice, New Zealand","Ardenna carneipes_New Zealand"
"Ardenna carneipes_New Zealand_Ohinau Island_1259.csv","Ardenna carneipes","New Zealand","Ohinau Island","New Zealand","Ohinau Island, New Zealand","Ardenna carneipes_New Zealand"
"Ardenna carneipes_New Zealand_Titi Island_1258.csv","Ardenna carneipes","New Zealand","Titi Island","New Zealand","Titi Island, New Zealand","Ardenna carneipes_New Zealand"
"Ardenna carneipes_Western Australia_Breaksea Island_668.csv","Ardenna carneipes","Western Australia","Breaksea Island","Breaksea Island","Breaksea Island, Western Australia","Ardenna carneipes_Breaksea Island"
"Ardenna creatopus_Isla Mocha and Juan Fernandez Archipelago_Juan Fernandez Islands_Ardenna creatopus_Isla Mocha and Juan Fernandez Archipelago_PTT_2002-2005.csv","Ardenna creatopus","Isla Mocha and Juan Fernandez Archipelago","Juan Fernandez Islands","Isla Mocha and Juan Fernandez","Juan Fernandez Islands, Isla Mocha and Juan Fernandez Archipelago","Ardenna creatopus_Isla Mocha and Juan Fernandez"
"Ardenna creatopus_Isla Mocha and Juan Fernandez Archipelago_Mocha Island_Ardenna creatopus_Isla Mocha and Juan Fernandez Archipelago_GPS_2015-2017.csv","Ardenna creatopus","Isla Mocha and Juan Fernandez Archipelago","Mocha Island","Isla Mocha and Juan Fernandez","Mocha Island, Isla Mocha and Juan Fernandez Archipelago","Ardenna creatopus_Isla Mocha and Juan Fernandez"
"Ardenna creatopus_Juan Fernandez Islands_Juan Fernandez Islands_Ardenna creatopus_Juan Fernandez Islands_PTT_2006-2006.csv","Ardenna creatopus","Juan Fernandez Islands","Juan Fernandez Islands","Isla Mocha and Juan Fernandez","Juan Fernandez Islands, Juan Fernandez Islands","Ardenna creatopus_Isla Mocha and Juan Fernandez"
"Ardenna creatopus_Mocha Island_Mocha Island_Ardenna creatopus_Mocha Island_PTT_2011-2015.csv","Ardenna creatopus","Mocha Island","Mocha Island","Isla Mocha and Juan Fernandez","Mocha Island, Mocha Island","Ardenna creatopus_Isla Mocha and Juan Fernandez"
"Ardenna gravis_Gough_Gough Island_1286.csv","Ardenna gravis","Gough","Gough Island","Gough","Gough Island, Gough","Ardenna gravis_Gough"
"Ardenna gravis_Gough_Gough Island_662.csv","Ardenna gravis","Gough","Gough Island","Gough","Gough Island, Gough","Ardenna gravis_Gough"
"Ardenna gravis_Gough_Gough Island_982.csv","Ardenna gravis","Gough","Gough Island","Gough","Gough Island, Gough","Ardenna gravis_Gough"
"Ardenna gravis_Tristan da Cunha_Inaccessible Island_663.csv","Ardenna gravis","Tristan da Cunha","Inaccessible Island","Tristan da Cunha","Inaccessible Island, Tristan da Cunha","Ardenna gravis_Tristan da Cunha"
"Ardenna gravis_Tristan da Cunha_Nightingale_1287.csv","Ardenna gravis","Tristan da Cunha","Nightingale","Tristan da Cunha","Nightingale, Tristan da Cunha","Ardenna gravis_Tristan da Cunha"
"Ardenna grisea_Bethells Beach_Kauwahaia Island_zoatrack_57.csv","Ardenna grisea","Bethells Beach","Kauwahaia Island","North Island","Kauwahaia Island, Bethells Beach","Ardenna grisea_North Island"
"Ardenna grisea_Falkland Islands (Islas Malvinas)_Kidney Island_1587.csv","Ardenna grisea","Falkland Islands (Islas Malvinas)","Kidney Island","Falkland Islands","Kidney Island, Falkland Islands (Islas Malvinas)","Ardenna grisea_Falkland Islands"
"Ardenna grisea_Falkland Islands (Islas Malvinas)_Kidney Island_628.csv","Ardenna grisea","Falkland Islands (Islas Malvinas)","Kidney Island","Falkland Islands","Kidney Island, Falkland Islands (Islas Malvinas)","Ardenna grisea_Falkland Islands"
"Ardenna grisea_Falkland Islands (Islas Malvinas)_Kidney Island_900.csv","Ardenna grisea","Falkland Islands (Islas Malvinas)","Kidney Island","Falkland Islands","Kidney Island, Falkland Islands (Islas Malvinas)","Ardenna grisea_Falkland Islands"
"Ardenna grisea_New Zealand_Codfish Island_518.csv","Ardenna grisea","New Zealand","Codfish Island","Codfish Island","Codfish Island, New Zealand","Ardenna grisea_Codfish Island"
"Ardenna grisea_New Zealand_Kauwahaia Island_Ardenna grisea_New Zealand_GLS_2011-2012_noSST.csv","Ardenna grisea","New Zealand","Kauwahaia Island","North Island","Kauwahaia Island, New Zealand","Ardenna grisea_North Island"
"Ardenna grisea_New Zealand_Kauwahaia Island_Ardenna grisea_New Zealand_GLS_2011-2012_SST.csv","Ardenna grisea","New Zealand","Kauwahaia Island","North Island","Kauwahaia Island, New Zealand","Ardenna grisea_North Island"
"Ardenna grisea_New Zealand_Mana Island_517.csv","Ardenna grisea","New Zealand","Mana Island","North Island","Mana Island, New Zealand","Ardenna grisea_North Island"
"Ardenna pacifica_Canard islet_Canard islet_1595.csv","Ardenna pacifica","Canard islet","Canard islet","New Calendonia","Canard islet, Canard islet","Ardenna pacifica_New Calendonia"
"Ardenna pacifica_Chesterfield Archipelago_Loop islet_1597.csv","Ardenna pacifica","Chesterfield Archipelago","Loop islet","New Calendonia","Loop islet, Chesterfield Archipelago","Ardenna pacifica_New Calendonia"
"Ardenna pacifica_Hawaii_Kauai_Hawaii_WTSH.csv","Ardenna pacifica","Hawaii","Kauai","Hawaii","Kauai, Hawaii","Ardenna pacifica_Hawaii"
"Ardenna pacifica_Heron Island_Heron Island_1625.csv","Ardenna pacifica","Heron Island","Heron Island","Heron Island","Heron Island, Heron Island","Ardenna pacifica_Heron Island"
"Ardenna pacifica_Mato islet_Mato islet_1594.csv","Ardenna pacifica","Mato islet","Mato islet","New Calendonia","Mato islet, Mato islet","Ardenna pacifica_New Calendonia"
"Ardenna pacifica_Mauritius_Round_Ardenna pacifica_Mauritius_GLS_2011-2013.csv","Ardenna pacifica","Mauritius","Round","Mauritius","Round, Mauritius","Ardenna pacifica_Mauritius"
"Ardenna pacifica_Pindaï_Pindaï_1598.csv","Ardenna pacifica","Pindaï","Pindaï","New Calendonia","Pindaï, Pindaï","Ardenna pacifica_New Calendonia"
"Ardenna pacifica_Reunion Island_Reunion_712.csv","Ardenna pacifica","Reunion Island","Reunion","Reunion","Reunion, Reunion Island","Ardenna pacifica_Reunion"
"Ardenna pacifica_Reunion Island_Reunion_713.csv","Ardenna pacifica","Reunion Island","Reunion","Reunion","Reunion, Reunion Island","Ardenna pacifica_Reunion"
"Ardenna pacifica_Reunion_Reunion_Ardenna pacifica_Reunion_GLS_2009-2012.csv","Ardenna pacifica","Reunion","Reunion","Reunion","Reunion, Reunion","Ardenna pacifica_Reunion"
"Ardenna pacifica_Seychelles_Aride_705.csv","Ardenna pacifica","Seychelles","Aride","Seychelles","Aride, Seychelles","Ardenna pacifica_Seychelles"
"Ardenna pacifica_Seychelles_Aride_706.csv","Ardenna pacifica","Seychelles","Aride","Seychelles","Aride, Seychelles","Ardenna pacifica_Seychelles"
"Ardenna pacifica_Seychelles_Aride_GerardRocamora_WTS.csv","Ardenna pacifica","Seychelles","Aride","Seychelles","Aride, Seychelles","Ardenna pacifica_Seychelles"
"Ardenna pacifica_Seychelles_Cousin_708.csv","Ardenna pacifica","Seychelles","Cousin","Seychelles","Cousin, Seychelles","Ardenna pacifica_Seychelles"
"Ardenna pacifica_Seychelles_Cousin_709.csv","Ardenna pacifica","Seychelles","Cousin","Seychelles","Cousin, Seychelles","Ardenna pacifica_Seychelles"
"Ardenna pacifica_Seychelles_Cousin_Ardenna pacifica_Seychelles_GLS_2009-2010.csv","Ardenna pacifica","Seychelles","Cousin","Seychelles","Cousin, Seychelles","Ardenna pacifica_Seychelles"
"Ardenna pacifica_Seychelles_D Arros_710.csv","Ardenna pacifica","Seychelles","D Arros","Seychelles","D Arros, Seychelles","Ardenna pacifica_Seychelles"
"Ardenna pacifica_Seychelles_D Arros_711.csv","Ardenna pacifica","Seychelles","D Arros","Seychelles","D Arros, Seychelles","Ardenna pacifica_Seychelles"
"Ardenna pacifica_Tiam'bouene islet_Tiam'bouene islet_1596.csv","Ardenna pacifica","Tiam'bouene islet","Tiam'bouene islet","New Calendonia","Tiam'bouene islet, Tiam'bouene islet","Ardenna pacifica_New Calendonia"
"Ardenna pacifica_Western Australia_Lowendal Islands & Houtman Abrolhos_Ardenna pacifica_Western Australia_GLS_2010-2013.csv","Ardenna pacifica","Western Australia","Lowendal Islands & Houtman Abrolhos","Lowendal & Houtman Abrolhoss","Lowendal Islands & Houtman Abrolhos, Western Australia","Ardenna pacifica_Lowendal & Houtman Abrolhoss"
"Ardenna tenuirostris_Australia_French Island_466.csv","Ardenna tenuirostris","Australia","French Island","SE Australia","French Island, Australia","Ardenna tenuirostris_SE Australia"
"Ardenna tenuirostris_Australia_Gabo Island_Tommy_arnould_short-tailed_shearwater_gabo_GPS.csv","Ardenna tenuirostris","Australia","Gabo Island","SE Australia","Gabo Island, Australia","Ardenna tenuirostris_SE Australia"
"Ardenna tenuirostris_Australia_Griffiths Island_Tommy_arnould_short-tailed_shearwater_griffiths_GPS.csv","Ardenna tenuirostris","Australia","Griffiths Island","SE Australia","Griffiths Island, Australia","Ardenna tenuirostris_SE Australia"
"Ardenna tenuirostris_Australia_Montague Island_467.csv","Ardenna tenuirostris","Australia","Montague Island","SE Australia","Montague Island, Australia","Ardenna tenuirostris_SE Australia"
"Ardenna tenuirostris_Southern Tasmania_Wedge Island or Whalebone Point_zoatrack_93.csv","Ardenna tenuirostris","Southern Tasmania","Wedge Island or Whalebone Point","SE Australia","Wedge Island or Whalebone Point, Southern Tasmania","Ardenna tenuirostris_SE Australia"
"Ardenna tenuirostris_Tasmania_Great Dog Island_Ardenna tenuirostris_Tasmania_GLS_2007-2008.csv","Ardenna tenuirostris","Tasmania","Great Dog Island","SE Australia","Great Dog Island, Tasmania","Ardenna tenuirostris_SE Australia"
"Ardenna tenuirostris_Tasmania_Wedge Island_1562.csv","Ardenna tenuirostris","Tasmania","Wedge Island","SE Australia","Wedge Island, Tasmania","Ardenna tenuirostris_SE Australia"
"Ardenna tenuirostris_Tasmania_Wedge Island_670.csv","Ardenna tenuirostris","Tasmania","Wedge Island","SE Australia","Wedge Island, Tasmania","Ardenna tenuirostris_SE Australia"
"Bulweria bulwerii_Azores_Vila_973.csv","Bulweria bulwerii","Azores","Vila","Azores","Vila, Azores","Bulweria bulwerii_Azores"
"Bulweria bulwerii_Canarias_Alegranza_859.csv","Bulweria bulwerii","Canarias","Alegranza","Canarias","Alegranza, Canarias","Bulweria bulwerii_Canarias"
"Bulweria bulwerii_Canarias_M Clara_971.csv","Bulweria bulwerii","Canarias","M Clara","Canarias","M Clara, Canarias","Bulweria bulwerii_Canarias"
"Bulweria bulwerii_Cape Verde_Ilheu de Cima_970.csv","Bulweria bulwerii","Cape Verde","Ilheu de Cima","Cape Verde","Ilheu de Cima, Cape Verde","Bulweria bulwerii_Cape Verde"
"Bulweria bulwerii_Ilhéus do Rombo_Ilhéu de Cima_1488.csv","Bulweria bulwerii","Ilhéus do Rombo","Ilhéu de Cima","Cape Verde","Ilhéu de Cima, Ilhéus do Rombo","Bulweria bulwerii_Cape Verde"
"Bulweria bulwerii_Madeira_Selvagens_1121.csv","Bulweria bulwerii","Madeira","Selvagens","Madeira","Selvagens, Madeira","Bulweria bulwerii_Madeira"
"Bulweria bulwerii_Madeira_Selvagens_963.csv","Bulweria bulwerii","Madeira","Selvagens","Madeira","Selvagens, Madeira","Bulweria bulwerii_Madeira"
"Bulweria bulwerii_Raso Islet_Raso_1461.csv","Bulweria bulwerii","Raso Islet","Raso","Cape Verde","Raso, Raso Islet","Bulweria bulwerii_Cape Verde"
"Bulweria bulwerii_Raso Islet_Raso_972.csv","Bulweria bulwerii","Raso Islet","Raso","Cape Verde","Raso, Raso Islet","Bulweria bulwerii_Cape Verde"
"Bulweria bulwerii_Sal_Rabo de Junco_1565.csv","Bulweria bulwerii","Sal","Rabo de Junco","Cape Verde","Rabo de Junco, Sal","Bulweria bulwerii_Cape Verde"
"Calonectris borealis_Azores_Corvo_1060.csv","Calonectris borealis","Azores","Corvo","Azores","Corvo, Azores","Calonectris borealis_Azores"
"Calonectris borealis_Azores_Corvo_1061.csv","Calonectris borealis","Azores","Corvo","Azores","Corvo, Azores","Calonectris borealis_Azores"
"Calonectris borealis_Azores_Corvo_1586.csv","Calonectris borealis","Azores","Corvo","Azores","Corvo, Azores","Calonectris borealis_Azores"
"Calonectris borealis_Azores_Corvo_511.csv","Calonectris borealis","Azores","Corvo","Azores","Corvo, Azores","Calonectris borealis_Azores"
"Calonectris borealis_Azores_Vila_506.csv","Calonectris borealis","Azores","Vila","Azores","Vila, Azores","Calonectris borealis_Azores"
"Calonectris borealis_Azores_Vila_686.csv","Calonectris borealis","Azores","Vila","Azores","Vila, Azores","Calonectris borealis_Azores"
"Calonectris borealis_Azores_Vila_975.csv","Calonectris borealis","Azores","Vila","Azores","Vila, Azores","Calonectris borealis_Azores"
"Calonectris borealis_Azores_Vila_Calonectris borealis_Azores_GLS_2015.csv","Calonectris borealis","Azores","Vila","Azores","Vila, Azores","Calonectris borealis_Azores"
"Calonectris borealis_Azores_Vila_Calonectris borealis_Azores_GLS_2016.csv","Calonectris borealis","Azores","Vila","Azores","Vila, Azores","Calonectris borealis_Azores"
"Calonectris borealis_Canarias_Alegranza_672.csv","Calonectris borealis","Canarias","Alegranza","Canarias","Alegranza, Canarias","Calonectris borealis_Canarias"
"Calonectris borealis_Canarias_Alegranza_862.csv","Calonectris borealis","Canarias","Alegranza","Canarias","Alegranza, Canarias","Calonectris borealis_Canarias"
"Calonectris borealis_Canarias_La Palma_675.csv","Calonectris borealis","Canarias","La Palma","Canarias","La Palma, Canarias","Calonectris borealis_Canarias"
"Calonectris borealis_Canarias_LanzaroteTimanfaya_868.csv","Calonectris borealis","Canarias","LanzaroteTimanfaya","Canarias","LanzaroteTimanfaya, Canarias","Calonectris borealis_Canarias"
"Calonectris borealis_Canarias_LanzaroteTimanfaya_994.csv","Calonectris borealis","Canarias","LanzaroteTimanfaya","Canarias","LanzaroteTimanfaya, Canarias","Calonectris borealis_Canarias"
"Calonectris borealis_Canarias_M Clara_983.csv","Calonectris borealis","Canarias","M Clara","Canarias","M Clara, Canarias","Calonectris borealis_Canarias"
"Calonectris borealis_Canarias_Veneguera_509.csv","Calonectris borealis","Canarias","Veneguera","Canarias","Veneguera, Canarias","Calonectris borealis_Canarias"
"Calonectris borealis_Canarias_Veneguera_678.csv","Calonectris borealis","Canarias","Veneguera","Canarias","Veneguera, Canarias","Calonectris borealis_Canarias"
"Calonectris borealis_Canarias_Veneguera_863.csv","Calonectris borealis","Canarias","Veneguera","Canarias","Veneguera, Canarias","Calonectris borealis_Canarias"
"Calonectris borealis_Canarias_Veneguera_864.csv","Calonectris borealis","Canarias","Veneguera","Canarias","Veneguera, Canarias","Calonectris borealis_Canarias"
"Calonectris borealis_Canarias_Veneguera_865.csv","Calonectris borealis","Canarias","Veneguera","Canarias","Veneguera, Canarias","Calonectris borealis_Canarias"
"Calonectris borealis_Canarias_Veneguera_866.csv","Calonectris borealis","Canarias","Veneguera","Canarias","Veneguera, Canarias","Calonectris borealis_Canarias"
"Calonectris borealis_Canarias_Veneguera_974.csv","Calonectris borealis","Canarias","Veneguera","Canarias","Veneguera, Canarias","Calonectris borealis_Canarias"
"Calonectris borealis_Canarias_Veneguera_986.csv","Calonectris borealis","Canarias","Veneguera","Canarias","Veneguera, Canarias","Calonectris borealis_Canarias"
"Calonectris borealis_Canarias_Veneguera_987.csv","Calonectris borealis","Canarias","Veneguera","Canarias","Veneguera, Canarias","Calonectris borealis_Canarias"
"Calonectris borealis_Canarias_Veneguera_988.csv","Calonectris borealis","Canarias","Veneguera","Canarias","Veneguera, Canarias","Calonectris borealis_Canarias"
"Calonectris borealis_Canarias_Veneguera_989.csv","Calonectris borealis","Canarias","Veneguera","Canarias","Veneguera, Canarias","Calonectris borealis_Canarias"
"Calonectris borealis_Canarias_Veneguera_990.csv","Calonectris borealis","Canarias","Veneguera","Canarias","Veneguera, Canarias","Calonectris borealis_Canarias"
"Calonectris borealis_Canarias_Veneguera_991.csv","Calonectris borealis","Canarias","Veneguera","Canarias","Veneguera, Canarias","Calonectris borealis_Canarias"
"Calonectris borealis_Canarias_Veneguera_992.csv","Calonectris borealis","Canarias","Veneguera","Canarias","Veneguera, Canarias","Calonectris borealis_Canarias"
"Calonectris borealis_Canarias_Veneguera_993.csv","Calonectris borealis","Canarias","Veneguera","Canarias","Veneguera, Canarias","Calonectris borealis_Canarias"
"Calonectris borealis_Canary Islands_MClara_Calonectris borealis_Canary Islands_GPS_chick-rearing.csv","Calonectris borealis","Canary Islands","MClara","Canarias","MClara, Canary Islands","Calonectris borealis_Canarias"
"Calonectris borealis_Canary Islands_MClara_Calonectris borealis_Canary Islands_GPS_incubation.csv","Calonectris borealis","Canary Islands","MClara","Canarias","MClara, Canary Islands","Calonectris borealis_Canarias"
"Calonectris borealis_Canary Islands_MontaÒaClara_Calonectris borealis_Canary Islands_GLS_2013.csv","Calonectris borealis","Canary Islands","MontaÒaClara","Canarias","MontaÒaClara, Canary Islands","Calonectris borealis_Canarias"
"Calonectris borealis_Canary Islands_MontaÒaClara_Calonectris borealis_Canary Islands_GLS_2014.csv","Calonectris borealis","Canary Islands","MontaÒaClara","Canarias","MontaÒaClara, Canary Islands","Calonectris borealis_Canarias"
"Calonectris borealis_Canary Islands_MontaÒaClara_Calonectris borealis_Canary Islands_GLS_2015.csv","Calonectris borealis","Canary Islands","MontaÒaClara","Canarias","MontaÒaClara, Canary Islands","Calonectris borealis_Canarias"
"Calonectris borealis_Canary Islands_Timanfaya_Calonectris borealis_Canary Islands_GLS_2016.csv","Calonectris borealis","Canary Islands","Timanfaya","Canarias","Timanfaya, Canary Islands","Calonectris borealis_Canarias"
"Calonectris borealis_Madeira_Cima Islet_1033.csv","Calonectris borealis","Madeira","Cima Islet","Madeira","Cima Islet, Madeira","Calonectris borealis_Madeira"
"Calonectris borealis_Madeira_Selvagens_1343.csv","Calonectris borealis","Madeira","Selvagens","Madeira","Selvagens, Madeira","Calonectris borealis_Madeira"
"Calonectris borealis_Madeira_Selvagens_1344.csv","Calonectris borealis","Madeira","Selvagens","Madeira","Selvagens, Madeira","Calonectris borealis_Madeira"
"Calonectris borealis_Madeira_Selvagens_1345.csv","Calonectris borealis","Madeira","Selvagens","Madeira","Selvagens, Madeira","Calonectris borealis_Madeira"
"Calonectris borealis_Madeira_Selvagens_1346.csv","Calonectris borealis","Madeira","Selvagens","Madeira","Selvagens, Madeira","Calonectris borealis_Madeira"
"Calonectris borealis_Madeira_Selvagens_1347.csv","Calonectris borealis","Madeira","Selvagens","Madeira","Selvagens, Madeira","Calonectris borealis_Madeira"
"Calonectris borealis_Madeira_Selvagens_571.csv","Calonectris borealis","Madeira","Selvagens","Madeira","Selvagens, Madeira","Calonectris borealis_Madeira"
"Calonectris borealis_Madeira_Selvagens_607.csv","Calonectris borealis","Madeira","Selvagens","Madeira","Selvagens, Madeira","Calonectris borealis_Madeira"
"Calonectris borealis_Madeira_Selvagens_610.csv","Calonectris borealis","Madeira","Selvagens","Madeira","Selvagens, Madeira","Calonectris borealis_Madeira"
"Calonectris borealis_Madeira_Selvagens_736.csv","Calonectris borealis","Madeira","Selvagens","Madeira","Selvagens, Madeira","Calonectris borealis_Madeira"
"Calonectris borealis_Portugal_Berlengas_1032.csv","Calonectris borealis","Portugal","Berlengas","Berlengas","Berlengas, Portugal","Calonectris borealis_Berlengas"
"Calonectris borealis_Portugal_Berlengas_1055.csv","Calonectris borealis","Portugal","Berlengas","Berlengas","Berlengas, Portugal","Calonectris borealis_Berlengas"
"Calonectris borealis_Portugal_Berlengas_1056.csv","Calonectris borealis","Portugal","Berlengas","Berlengas","Berlengas, Portugal","Calonectris borealis_Berlengas"
"Calonectris borealis_Portugal_Berlengas_1057.csv","Calonectris borealis","Portugal","Berlengas","Berlengas","Berlengas, Portugal","Calonectris borealis_Berlengas"
"Calonectris borealis_Portugal_Berlengas_1058.csv","Calonectris borealis","Portugal","Berlengas","Berlengas","Berlengas, Portugal","Calonectris borealis_Berlengas"
"Calonectris borealis_Portugal_Berlengas_1059.csv","Calonectris borealis","Portugal","Berlengas","Berlengas","Berlengas, Portugal","Calonectris borealis_Berlengas"
"Calonectris borealis_Portugal_Berlengas_510.csv","Calonectris borealis","Portugal","Berlengas","Berlengas","Berlengas, Portugal","Calonectris borealis_Berlengas"
"Calonectris borealis_Portugal_Berlengas_609.csv","Calonectris borealis","Portugal","Berlengas","Berlengas","Berlengas, Portugal","Calonectris borealis_Berlengas"
"Calonectris diomedea_Balearic Archipelago_CalaMorell_Calonectris diomedea_Balearic Archipelago_GLS_2016.csv","Calonectris diomedea","Balearic Archipelago","CalaMorell","Balearic Archipelago","CalaMorell, Balearic Archipelago","Calonectris diomedea_Balearic Archipelago"
"Calonectris diomedea_Balearic Archipelago_CalaMorell_Calonectris diomedea_Balearic Archipelago_GPS_chick-rearing.csv","Calonectris diomedea","Balearic Archipelago","CalaMorell","Balearic Archipelago","CalaMorell, Balearic Archipelago","Calonectris diomedea_Balearic Archipelago"
"Calonectris diomedea_Balearic Archipelago_CalaMorell_Calonectris diomedea_Balearic Archipelago_GPS_incubation.csv","Calonectris diomedea","Balearic Archipelago","CalaMorell","Balearic Archipelago","CalaMorell, Balearic Archipelago","Calonectris diomedea_Balearic Archipelago"
"Calonectris diomedea_Balearic Archipelago_CalaMorell_Calonectris diomedea_Balearic Archipelago_GPS_pre-laying.csv","Calonectris diomedea","Balearic Archipelago","CalaMorell","Balearic Archipelago","CalaMorell, Balearic Archipelago","Calonectris diomedea_Balearic Archipelago"
"Calonectris diomedea_Balearic Archipelago_Isla del Aire_673.csv","Calonectris diomedea","Balearic Archipelago","Isla del Aire","Balearic Archipelago","Isla del Aire, Balearic Archipelago","Calonectris diomedea_Balearic Archipelago"
"Calonectris diomedea_Balearic Archipelago_MenorcaCala Morell_1618.csv","Calonectris diomedea","Balearic Archipelago","MenorcaCala Morell","Balearic Archipelago","MenorcaCala Morell, Balearic Archipelago","Calonectris diomedea_Balearic Archipelago"
"Calonectris diomedea_Balearic Archipelago_MenorcaCala Morell_1619.csv","Calonectris diomedea","Balearic Archipelago","MenorcaCala Morell","Balearic Archipelago","MenorcaCala Morell, Balearic Archipelago","Calonectris diomedea_Balearic Archipelago"
"Calonectris diomedea_Balearic Archipelago_MenorcaCala Morell_1622.csv","Calonectris diomedea","Balearic Archipelago","MenorcaCala Morell","Balearic Archipelago","MenorcaCala Morell, Balearic Archipelago","Calonectris diomedea_Balearic Archipelago"
"Calonectris diomedea_Balearic Archipelago_MenorcaCala Morell_1623.csv","Calonectris diomedea","Balearic Archipelago","MenorcaCala Morell","Balearic Archipelago","MenorcaCala Morell, Balearic Archipelago","Calonectris diomedea_Balearic Archipelago"
"Calonectris diomedea_Balearic Archipelago_MenorcaCala Morell_1624.csv","Calonectris diomedea","Balearic Archipelago","MenorcaCala Morell","Balearic Archipelago","MenorcaCala Morell, Balearic Archipelago","Calonectris diomedea_Balearic Archipelago"
"Calonectris diomedea_Balearic Archipelago_MenorcaCala Morell_869.csv","Calonectris diomedea","Balearic Archipelago","MenorcaCala Morell","Balearic Archipelago","MenorcaCala Morell, Balearic Archipelago","Calonectris diomedea_Balearic Archipelago"
"Calonectris diomedea_Balearic Archipelago_MenorcaCala Morell_870.csv","Calonectris diomedea","Balearic Archipelago","MenorcaCala Morell","Balearic Archipelago","MenorcaCala Morell, Balearic Archipelago","Calonectris diomedea_Balearic Archipelago"
"Calonectris diomedea_Balearic Archipelago_MenorcaCala Morell_871.csv","Calonectris diomedea","Balearic Archipelago","MenorcaCala Morell","Balearic Archipelago","MenorcaCala Morell, Balearic Archipelago","Calonectris diomedea_Balearic Archipelago"
"Calonectris diomedea_Balearic Archipelago_MenorcaMola de Maó_872.csv","Calonectris diomedea","Balearic Archipelago","MenorcaMola de Maó","Balearic Archipelago","MenorcaMola de Maó, Balearic Archipelago","Calonectris diomedea_Balearic Archipelago"
"Calonectris diomedea_Balearic Archipelago_Morell_676.csv","Calonectris diomedea","Balearic Archipelago","Morell","Balearic Archipelago","Morell, Balearic Archipelago","Calonectris diomedea_Balearic Archipelago"
"Calonectris diomedea_Balearic Archipelago_Pantaleu_507.csv","Calonectris diomedea","Balearic Archipelago","Pantaleu","Balearic Archipelago","Pantaleu, Balearic Archipelago","Calonectris diomedea_Balearic Archipelago"
"Calonectris diomedea_Balearic Archipelago_Pantaleu_677.csv","Calonectris diomedea","Balearic Archipelago","Pantaleu","Balearic Archipelago","Pantaleu, Balearic Archipelago","Calonectris diomedea_Balearic Archipelago"
"Calonectris diomedea_Balearic Archipelago_Pantaleu_976.csv","Calonectris diomedea","Balearic Archipelago","Pantaleu","Balearic Archipelago","Pantaleu, Balearic Archipelago","Calonectris diomedea_Balearic Archipelago"
"Calonectris diomedea_Balearic Archipelago_Pantaleu_Calonectris diomedea_Balearic Archipelago_GLS_2013.csv","Calonectris diomedea","Balearic Archipelago","Pantaleu","Balearic Archipelago","Pantaleu, Balearic Archipelago","Calonectris diomedea_Balearic Archipelago"
"Calonectris diomedea_Balearic Archipelago_Pantaleu_Calonectris diomedea_Balearic Archipelago_GLS_2014.csv","Calonectris diomedea","Balearic Archipelago","Pantaleu","Balearic Archipelago","Pantaleu, Balearic Archipelago","Calonectris diomedea_Balearic Archipelago"
"Calonectris diomedea_Balearic Archipelago_Pantaleu_Calonectris diomedea_Balearic Archipelago_GLS_2015.csv","Calonectris diomedea","Balearic Archipelago","Pantaleu","Balearic Archipelago","Pantaleu, Balearic Archipelago","Calonectris diomedea_Balearic Archipelago"
"Calonectris diomedea_Chafarinas_Chafarinas_508.csv","Calonectris diomedea","Chafarinas","Chafarinas","Chafarinas","Chafarinas, Chafarinas","Calonectris diomedea_Chafarinas"
"Calonectris diomedea_Chafarinas_Chafarinas_674.csv","Calonectris diomedea","Chafarinas","Chafarinas","Chafarinas","Chafarinas, Chafarinas","Calonectris diomedea_Chafarinas"
"Calonectris diomedea_Chafarinas_Chafarinas_860.csv","Calonectris diomedea","Chafarinas","Chafarinas","Chafarinas","Chafarinas, Chafarinas","Calonectris diomedea_Chafarinas"
"Calonectris diomedea_Chafarinas_Chafarinas_861.csv","Calonectris diomedea","Chafarinas","Chafarinas","Chafarinas","Chafarinas, Chafarinas","Calonectris diomedea_Chafarinas"
"Calonectris diomedea_Chafarinas_Chafarinas_Calonectris diomedea_Chafarinas_GLS_2009.csv","Calonectris diomedea","Chafarinas","Chafarinas","Chafarinas","Chafarinas, Chafarinas","Calonectris diomedea_Chafarinas"
"Calonectris diomedea_Chafarinas_Chafarinas_Calonectris diomedea_Chafarinas_GLS_2012.csv","Calonectris diomedea","Chafarinas","Chafarinas","Chafarinas","Chafarinas, Chafarinas","Calonectris diomedea_Chafarinas"
"Calonectris diomedea_Chafarinas_Chafarinas_Calonectris diomedea_Chafarinas_GLS_2013.csv","Calonectris diomedea","Chafarinas","Chafarinas","Chafarinas","Chafarinas, Chafarinas","Calonectris diomedea_Chafarinas"
"Calonectris diomedea_Columbretes_Columbretes_867.csv","Calonectris diomedea","Columbretes","Columbretes","Balearic Archipelago","Columbretes, Columbretes","Calonectris diomedea_Balearic Archipelago"
"Calonectris diomedea_Filfla_Filfla_838.csv","Calonectris diomedea","Filfla","Filfla","Malta","Filfla, Filfla","Calonectris diomedea_Malta"
"Calonectris diomedea_Filfla_Filfla_960.csv","Calonectris diomedea","Filfla","Filfla","Malta","Filfla, Filfla","Calonectris diomedea_Malta"
"Calonectris diomedea_Gozo_Gharb_839.csv","Calonectris diomedea","Gozo","Gharb","Malta","Gharb, Gozo","Calonectris diomedea_Malta"
"Calonectris diomedea_Gozo_Gharb_953.csv","Calonectris diomedea","Gozo","Gharb","Malta","Gharb, Gozo","Calonectris diomedea_Malta"
"Calonectris diomedea_Gozo_Gharb_961.csv","Calonectris diomedea","Gozo","Gharb","Malta","Gharb, Gozo","Calonectris diomedea_Malta"
"Calonectris diomedea_La Maddalena Archipelago_Carpa-Barettini_785.csv","Calonectris diomedea","La Maddalena Archipelago","Carpa-Barettini","La Maddalena Archipelago","Carpa-Barettini, La Maddalena Archipelago","Calonectris diomedea_La Maddalena Archipelago"
"Calonectris diomedea_La Maddalena Archipelago_Spargiotto-Barettini_1554.csv","Calonectris diomedea","La Maddalena Archipelago","Spargiotto-Barettini","La Maddalena Archipelago","Spargiotto-Barettini, La Maddalena Archipelago","Calonectris diomedea_La Maddalena Archipelago"
"Calonectris diomedea_La Maddalena Archipelago_Spargiotto-Barettini_1555.csv","Calonectris diomedea","La Maddalena Archipelago","Spargiotto-Barettini","La Maddalena Archipelago","Spargiotto-Barettini, La Maddalena Archipelago","Calonectris diomedea_La Maddalena Archipelago"
"Calonectris diomedea_La Maddalena Archipelago_Spargiotto-Barettini_784.csv","Calonectris diomedea","La Maddalena Archipelago","Spargiotto-Barettini","La Maddalena Archipelago","Spargiotto-Barettini, La Maddalena Archipelago","Calonectris diomedea_La Maddalena Archipelago"
"Calonectris diomedea_La Maddalena Archipelago_Spargiotto-Barettini_Scopolis_LaMaddalenaGLs.csv","Calonectris diomedea","La Maddalena Archipelago","Spargiotto-Barettini","La Maddalena Archipelago","Spargiotto-Barettini, La Maddalena Archipelago","Calonectris diomedea_La Maddalena Archipelago"
"Calonectris diomedea_Linosa_Linosa_788.csv","Calonectris diomedea","Linosa","Linosa","Linosa","Linosa, Linosa","Calonectris diomedea_Linosa"
"Calonectris diomedea_Linosa_Linosa_789.csv","Calonectris diomedea","Linosa","Linosa","Linosa","Linosa, Linosa","Calonectris diomedea_Linosa"
"Calonectris diomedea_Linosa_Mannarazza_1585.csv","Calonectris diomedea","Linosa","Mannarazza","Linosa","Mannarazza, Linosa","Calonectris diomedea_Linosa"
"Calonectris diomedea_Malta_Ghar Lapsi_962.csv","Calonectris diomedea","Malta","Ghar Lapsi","Malta","Ghar Lapsi, Malta","Calonectris diomedea_Malta"
"Calonectris diomedea_Malta_Hal Far_1084.csv","Calonectris diomedea","Malta","Hal Far","Malta","Hal Far, Malta","Calonectris diomedea_Malta"
"Calonectris diomedea_Malta_Hal Far_840.csv","Calonectris diomedea","Malta","Hal Far","Malta","Hal Far, Malta","Calonectris diomedea_Malta"
"Calonectris diomedea_Malta_Hal Far_954.csv","Calonectris diomedea","Malta","Hal Far","Malta","Hal Far, Malta","Calonectris diomedea_Malta"
"Calonectris diomedea_Malta_Hal Far_959.csv","Calonectris diomedea","Malta","Hal Far","Malta","Hal Far, Malta","Calonectris diomedea_Malta"
"Calonectris diomedea_Malta_Malta_695.csv","Calonectris diomedea","Malta","Malta","Malta","Malta, Malta","Calonectris diomedea_Malta"
"Calonectris diomedea_Tremiti Archipelago_Capraia_783.csv","Calonectris diomedea","Tremiti Archipelago","Capraia","Tremiti Archipelago","Capraia, Tremiti Archipelago","Calonectris diomedea_Tremiti Archipelago"
"Calonectris diomedea_Tuscany Archipelago_Pianosa-LaScola_786.csv","Calonectris diomedea","Tuscany Archipelago","Pianosa-LaScola","Tuscany Archipelago","Pianosa-LaScola, Tuscany Archipelago","Calonectris diomedea_Tuscany Archipelago"
"Calonectris diomedea_Zembra_Zembra_Calonectris diomedea_Zembra_GLS_2015.csv","Calonectris diomedea","Zembra","Zembra","Zembra","Zembra, Zembra","Calonectris diomedea_Zembra"
"Calonectris diomedea_Zembra_Zembra_Calonectris diomedea_Zembra_GLS_2016.csv","Calonectris diomedea","Zembra","Zembra","Zembra","Zembra, Zembra","Calonectris diomedea_Zembra"
"Calonectris diomedea_Zembra_Zembra_Calonectris diomedea_Zembra_GPS_incubation.csv","Calonectris diomedea","Zembra","Zembra","Zembra","Zembra, Zembra","Calonectris diomedea_Zembra"
"Calonectris edwardsii_Boa Vista_Curral Velho_1498.csv","Calonectris edwardsii","Boa Vista","Curral Velho","Cape Verde","Curral Velho, Boa Vista","Calonectris edwardsii_Cape Verde"
"Calonectris edwardsii_Boa Vista_Curral Velho_1566.csv","Calonectris edwardsii","Boa Vista","Curral Velho","Cape Verde","Curral Velho, Boa Vista","Calonectris edwardsii_Cape Verde"
"Calonectris edwardsii_Boa Vista_Curral Velho_1567.csv","Calonectris edwardsii","Boa Vista","Curral Velho","Cape Verde","Curral Velho, Boa Vista","Calonectris edwardsii_Cape Verde"
"Calonectris edwardsii_Boa Vista_Curral Velho_1603.csv","Calonectris edwardsii","Boa Vista","Curral Velho","Cape Verde","Curral Velho, Boa Vista","Calonectris edwardsii_Cape Verde"
"Calonectris edwardsii_Boa Vista_Curral Velho_996.csv","Calonectris edwardsii","Boa Vista","Curral Velho","Cape Verde","Curral Velho, Boa Vista","Calonectris edwardsii_Cape Verde"
"Calonectris edwardsii_Cape Verde_Curral Velho_977.csv","Calonectris edwardsii","Cape Verde","Curral Velho","Cape Verde","Curral Velho, Cape Verde","Calonectris edwardsii_Cape Verde"
"Calonectris edwardsii_Cape Verde_CurralVelho_Calonectris edwardsii_Cape Verde_GLS_2011.csv","Calonectris edwardsii","Cape Verde","CurralVelho","Cape Verde","CurralVelho, Cape Verde","Calonectris edwardsii_Cape Verde"
"Calonectris edwardsii_Cape Verde_CurralVelho_Calonectris edwardsii_Cape Verde_GLS_2012.csv","Calonectris edwardsii","Cape Verde","CurralVelho","Cape Verde","CurralVelho, Cape Verde","Calonectris edwardsii_Cape Verde"
"Calonectris edwardsii_Cape Verde_CurralVelho_Calonectris edwardsii_Cape Verde_GLS_2013.csv","Calonectris edwardsii","Cape Verde","CurralVelho","Cape Verde","CurralVelho, Cape Verde","Calonectris edwardsii_Cape Verde"
"Calonectris edwardsii_Cape Verde_CurralVelho_Calonectris edwardsii_Cape Verde_GLS_2014.csv","Calonectris edwardsii","Cape Verde","CurralVelho","Cape Verde","CurralVelho, Cape Verde","Calonectris edwardsii_Cape Verde"
"Calonectris edwardsii_Cape Verde_CurralVelho_Calonectris edwardsii_Cape Verde_GLS_2015.csv","Calonectris edwardsii","Cape Verde","CurralVelho","Cape Verde","CurralVelho, Cape Verde","Calonectris edwardsii_Cape Verde"
"Calonectris edwardsii_Raso Islet_Raso_1440.csv","Calonectris edwardsii","Raso Islet","Raso","Cape Verde","Raso, Raso Islet","Calonectris edwardsii_Cape Verde"
"Calonectris edwardsii_Raso Islet_Raso_978.csv","Calonectris edwardsii","Raso Islet","Raso","Cape Verde","Raso, Raso Islet","Calonectris edwardsii_Cape Verde"
"Calonectris edwardsii_Raso Islet_Raso_997.csv","Calonectris edwardsii","Raso Islet","Raso","Cape Verde","Raso, Raso Islet","Calonectris edwardsii_Cape Verde"
"Calonectris edwardsii_Raso Islet_Raso_998.csv","Calonectris edwardsii","Raso Islet","Raso","Cape Verde","Raso, Raso Islet","Calonectris edwardsii_Cape Verde"
"Calonectris leucomelas_Iwate_Funakoshi-Ohshima Island_1628.csv","Calonectris leucomelas","Iwate","Funakoshi-Ohshima Island","Iwate","Funakoshi-Ohshima Island, Iwate","Calonectris leucomelas_Iwate"
"Calonectris leucomelas_Iwate_Sangan Island_945.csv","Calonectris leucomelas","Iwate","Sangan Island","Iwate","Sangan Island, Iwate","Calonectris leucomelas_Iwate"
"Calonectris leucomelas_Izu Shoto_Mikura_555.csv","Calonectris leucomelas","Izu Shoto","Mikura","Mikura","Mikura, Izu Shoto","Calonectris leucomelas_Mikura"
"Calonectris leucomelas_Izu Shoto_Mikura_946.csv","Calonectris leucomelas","Izu Shoto","Mikura","Mikura","Mikura, Izu Shoto","Calonectris leucomelas_Mikura"
"Calonectris leucomelas_Korea_Korea_SKorea_StreakedShearwater.csv","Calonectris leucomelas","Korea","Korea","Korea","Korea, Korea","Calonectris leucomelas_Korea"
"Calonectris leucomelas_Mikura_Mikura_Calonectris leucomelas_Mikura_GLS_2006-2008.csv","Calonectris leucomelas","Mikura","Mikura","Mikura","Mikura, Mikura","Calonectris leucomelas_Mikura"
"Calonectris leucomelas_Niigata_Awa Island_1633.csv","Calonectris leucomelas","Niigata","Awa Island","Niigata","Awa Island, Niigata","Calonectris leucomelas_Niigata"
"Calonectris leucomelas_Sanriku Coast_Sanganjima Island_561.csv","Calonectris leucomelas","Sanriku Coast","Sanganjima Island","Iwate","Sanganjima Island, Sanriku Coast","Calonectris leucomelas_Iwate"
"Calonectris leucomelas_Sanriku_Sangan_Calonectris leucomelas_Sanriku_GLS_2006-2008.csv","Calonectris leucomelas","Sanriku","Sangan","Iwate","Sangan, Sanriku","Calonectris leucomelas_Iwate"
"Daption capense_Davis_Hop Island_Cape_Petrel_PrydzBay_viaTommy.csv","Daption capense","Davis","Hop Island","Davis","Hop Island, Davis","Daption capense_Davis"
"Daption capense_Pointe Geologie_Ile des Petrels_KarineDelord1_Cape Petrel.csv","Daption capense","Pointe Geologie","Ile des Petrels","Pointe Geologie","Ile des Petrels, Pointe Geologie","Daption capense_Pointe Geologie"
"Fulmarus glacialis_Bj¯rn¯ya_Bj√∏rn√∏ya_N_Fulmar_SEATRACK_Bjornoya.csv","Fulmarus glacialis","Bj¯rn¯ya","Bj√∏rn√∏ya","Bj¯rn¯ya","Bj√∏rn√∏ya, Bj¯rn¯ya","Fulmarus glacialis_Bj¯rn¯ya"
"Fulmarus glacialis_Cape Vera_Cape Vera_MarkMallory_NFulmar.csv","Fulmarus glacialis","Cape Vera","Cape Vera","Cape Vera","Cape Vera, Cape Vera","Fulmarus glacialis_Cape Vera"
"Fulmarus glacialis_Faroe Islands_Faroe Islands_N_Fulmar_SEATRACK_Faroes.csv","Fulmarus glacialis","Faroe Islands","Faroe Islands","Faroe Islands","Faroe Islands, Faroe Islands","Fulmarus glacialis_Faroe Islands"
"Fulmarus glacialis_Iceland_Breidafjordur_N_Fulmar_SEATRACK_Iceland.csv","Fulmarus glacialis","Iceland","Breidafjordur","Breidafjordur","Breidafjordur, Iceland","Fulmarus glacialis_Breidafjordur"
"Fulmarus glacialis_Jan Mayen_Jan Mayen_N_Fulmar_SEATRACK_JanMayen.csv","Fulmarus glacialis","Jan Mayen","Jan Mayen","Jan Mayen","Jan Mayen, Jan Mayen","Fulmarus glacialis_Jan Mayen"
"Fulmarus glacialis_North Sea_Fair Isle_1235.csv","Fulmarus glacialis","North Sea","Fair Isle","Scotland","Fair Isle, North Sea","Fulmarus glacialis_Scotland"
"Fulmarus glacialis_Norway_Jarsteinen_N_Fulmar_SEATRACK_Jarsteinen.csv","Fulmarus glacialis","Norway","Jarsteinen","Norway","Jarsteinen, Norway","Fulmarus glacialis_Norway"
"Fulmarus glacialis_Orkney_Eynehallow_1081.csv","Fulmarus glacialis","Orkney","Eynehallow","Scotland","Eynehallow, Orkney","Fulmarus glacialis_Scotland"
"Fulmarus glacialis_Orkney_Eynhallow_N_Fulmar_SEATRACK_Eynhallow.csv","Fulmarus glacialis","Orkney","Eynhallow","Scotland","Eynhallow, Orkney","Fulmarus glacialis_Scotland"
"Fulmarus glacialis_Orkney_Swona_1238.csv","Fulmarus glacialis","Orkney","Swona","Scotland","Swona, Orkney","Fulmarus glacialis_Scotland"
"Fulmarus glacialis_Scotland_Bullers of Buchan_1233.csv","Fulmarus glacialis","Scotland","Bullers of Buchan","Scotland","Bullers of Buchan, Scotland","Fulmarus glacialis_Scotland"
"Fulmarus glacialis_Scotland_Copinsay_1234.csv","Fulmarus glacialis","Scotland","Copinsay","Scotland","Copinsay, Scotland","Fulmarus glacialis_Scotland"
"Fulmarus glacialis_Scotland_Muckle Skerry_1236.csv","Fulmarus glacialis","Scotland","Muckle Skerry","Scotland","Muckle Skerry, Scotland","Fulmarus glacialis_Scotland"
"Fulmarus glacialis_Scotland_Whinnyfold_1239.csv","Fulmarus glacialis","Scotland","Whinnyfold","Scotland","Whinnyfold, Scotland","Fulmarus glacialis_Scotland"
"Fulmarus glacialis_Svalbard_Alkefjellet_N_Fulmar_SEATRACK_Alkefjellet.csv","Fulmarus glacialis","Svalbard","Alkefjellet","Svalbard","Alkefjellet, Svalbard","Fulmarus glacialis_Svalbard"
"Fulmarus glacialoides_Davis_Hop Island_Southern_Fulmar_PrydzBay_viaTommy.csv","Fulmarus glacialoides","Davis","Hop Island","Davis","Hop Island, Davis","Fulmarus glacialoides_Davis"
"Fulmarus glacialoides_Pointe Geologie_Ile des Petrels_KarineDelord3_Southern Fulmar.csv","Fulmarus glacialoides","Pointe Geologie","Ile des Petrels","Pointe Geologie","Ile des Petrels, Pointe Geologie","Fulmarus glacialoides_Pointe Geologie"
"Halobaena caerulea_Kerguelen_Iles Kerguelen_1579.csv","Halobaena caerulea","Kerguelen","Iles Kerguelen","Kerguelen","Iles Kerguelen, Kerguelen","Halobaena caerulea_Kerguelen"
"Halobaena caerulea_South Georgia (Islas Georgias del Sur)_Bird Island (SGSSI (IGSISS))_1521.csv","Halobaena caerulea","South Georgia (Islas Georgias del Sur)","Bird Island (SGSSI (IGSISS))","South Georgia","Bird Island (SGSSI (IGSISS)), South Georgia (Islas Georgias del Sur)","Halobaena caerulea_South Georgia"
"Hydrobates castro_Azores_Praia Islet_1550.csv","Hydrobates castro","Azores","Praia Islet","Azores","Praia Islet, Azores","Hydrobates castro_Azores"
"Hydrobates castro_Azores_Praia Islet_1551.csv","Hydrobates castro","Azores","Praia Islet","Azores","Praia Islet, Azores","Hydrobates castro_Azores"
"Hydrobates castro_Egg Island_Egg Island_1401.csv","Hydrobates castro","Egg Island","Egg Island","St Helena","Egg Island, Egg Island","Hydrobates castro_St Helena"
"Hydrobates castro_Portugal_Berlengas_Hcastro_VHPaiva.csv","Hydrobates castro","Portugal","Berlengas","Berlengas","Berlengas, Portugal","Hydrobates castro_Berlengas"
"Hydrobates furcatus_Gillam Island_Gillam Islands_1415.csv","Hydrobates furcatus","Gillam Island","Gillam Islands","Gillam Island","Gillam Islands, Gillam Island","Hydrobates furcatus_Gillam Island"
"Hydrobates jabejabe_Ilhéus do Rombo_Ilhéu de Cima_1568.csv","Hydrobates jabejabe","Ilhéus do Rombo","Ilhéu de Cima","Cape Verde","Ilhéu de Cima, Ilhéus do Rombo","Hydrobates jabejabe_Cape Verde"
"Hydrobates jabejabe_Ilhéus do Rombo_Ilhéu de Cima_1569.csv","Hydrobates jabejabe","Ilhéus do Rombo","Ilhéu de Cima","Cape Verde","Ilhéu de Cima, Ilhéus do Rombo","Hydrobates jabejabe_Cape Verde"
"Hydrobates leucorhous_Baccalieu Island_Baccalieu Island_1362.csv","Hydrobates leucorhous","Baccalieu Island","Baccalieu Island","Newfoundland","Baccalieu Island, Baccalieu Island","Hydrobates leucorhous_Newfoundland"
"Hydrobates leucorhous_Bon Portage_Bon Portage_1360.csv","Hydrobates leucorhous","Bon Portage","Bon Portage","Nova Scotia","Bon Portage, Bon Portage","Hydrobates leucorhous_Nova Scotia"
"Hydrobates leucorhous_Bon Portage_BP1_1140.csv","Hydrobates leucorhous","Bon Portage","BP1","Nova Scotia","BP1, Bon Portage","Hydrobates leucorhous_Nova Scotia"
"Hydrobates leucorhous_Country Island_CI1_1141.csv","Hydrobates leucorhous","Country Island","CI1","Nova Scotia","CI1, Country Island","Hydrobates leucorhous_Nova Scotia"
"Hydrobates leucorhous_Country Island_Country Island_1375.csv","Hydrobates leucorhous","Country Island","Country Island","Nova Scotia","Country Island, Country Island","Hydrobates leucorhous_Nova Scotia"
"Hydrobates leucorhous_Country Island_Country Island_1553.csv","Hydrobates leucorhous","Country Island","Country Island","Nova Scotia","Country Island, Country Island","Hydrobates leucorhous_Nova Scotia"
"Hydrobates leucorhous_Eastern Shore Islands_Bird Island_1142.csv","Hydrobates leucorhous","Eastern Shore Islands","Bird Island","Nova Scotia","Bird Island, Eastern Shore Islands","Hydrobates leucorhous_Nova Scotia"
"Hydrobates leucorhous_Gillam Island_Gillam Islands_1414.csv","Hydrobates leucorhous","Gillam Island","Gillam Islands","Gillam Island","Gillam Islands, Gillam Island","Hydrobates leucorhous_Gillam Island"
"Hydrobates leucorhous_Gull Island_Gull Island_1361.csv","Hydrobates leucorhous","Gull Island","Gull Island","Newfoundland","Gull Island, Gull Island","Hydrobates leucorhous_Newfoundland"
"Hydrobates monteiroi_Azores_Praia Islet_1549.csv","Hydrobates monteiroi","Azores","Praia Islet","Azores","Praia Islet, Azores","Hydrobates monteiroi_Azores"
"Hydrobates monteiroi_Azores_Praia Islet_Hmonteiroi_VHPaiva.csv","Hydrobates monteiroi","Azores","Praia Islet","Azores","Praia Islet, Azores","Hydrobates monteiroi_Azores"
"Hydrobates pelagicus_Benidorm Island_Benidorm_1564.csv","Hydrobates pelagicus","Benidorm Island","Benidorm","Benidorm Island","Benidorm, Benidorm Island","Hydrobates pelagicus_Benidorm Island"
"Hydrobates pelagicus_Capo caccia_Capo caccia_1556.csv","Hydrobates pelagicus","Capo caccia","Capo caccia","Capo caccia","Capo caccia, Capo caccia","Hydrobates pelagicus_Capo caccia"
"Hydrobates pelagicus_Filfla_Filfla_1443.csv","Hydrobates pelagicus","Filfla","Filfla","Malta","Filfla, Filfla","Hydrobates pelagicus_Malta"
"Hydrobates pelagicus_High Island_High Island_1576.csv","Hydrobates pelagicus","High Island","High Island","Ireland","High Island, High Island","Hydrobates pelagicus_Ireland"
"Hydrobates pelagicus_Shetland_Mousa_1563.csv","Hydrobates pelagicus","Shetland","Mousa","Shetland","Mousa, Shetland","Hydrobates pelagicus_Shetland"
"Hydrobates pelagicus_Shetland_Mousa_MarkBolton_StormiesGPS.csv","Hydrobates pelagicus","Shetland","Mousa","Shetland","Mousa, Shetland","Hydrobates pelagicus_Shetland"
"Oceanites oceanicus_South Shetland Islands_King George Island_1591.csv","Oceanites oceanicus","South Shetland Islands","King George Island","South Shetland Islands","King George Island, South Shetland Islands","Oceanites oceanicus_South Shetland Islands"
"Pachyptila belcheri_Kerguelen_Iles Kerguelen_1581.csv","Pachyptila belcheri","Kerguelen","Iles Kerguelen","Kerguelen","Iles Kerguelen, Kerguelen","Pachyptila belcheri_Kerguelen"
"Pachyptila belcheri_New Island_New Island_1541.csv","Pachyptila belcheri","New Island","New Island","New Island","New Island, New Island","Pachyptila belcheri_New Island"
"Pachyptila desolata_Kerguelen_Iles Kerguelen_1580.csv","Pachyptila desolata","Kerguelen","Iles Kerguelen","Kerguelen","Iles Kerguelen, Kerguelen","Pachyptila desolata_Kerguelen"
"Pachyptila desolata_South Georgia (Islas Georgias del Sur)_Bird Island (SGSSI (IGSISS))_1520.csv","Pachyptila desolata","South Georgia (Islas Georgias del Sur)","Bird Island (SGSSI (IGSISS))","South Georgia","Bird Island (SGSSI (IGSISS)), South Georgia (Islas Georgias del Sur)","Pachyptila desolata_South Georgia"
"Pachyptila macgillivrayi_Gough_Gough Island_1485.csv","Pachyptila macgillivrayi","Gough","Gough Island","Gough","Gough Island, Gough","Pachyptila macgillivrayi_Gough"
"Pachyptila turtur_Australia_Kanowna Island_Tommy_fromant_fairy_prion_kanowna_GPS.csv","Pachyptila turtur","Australia","Kanowna Island","Kanowna Island","Kanowna Island, Australia","Pachyptila turtur_Kanowna Island"
"Pachyptila turtur_Dunedin_Dunedin_zoatrack_103.csv","Pachyptila turtur","Dunedin","Dunedin","Dunedin","Dunedin, Dunedin","Pachyptila turtur_Dunedin"
"Pachyptila vittata_Gough_Gough Island_1485.csv","Pachyptila vittata","Gough","Gough Island","Gough","Gough Island, Gough","Pachyptila vittata_Gough"
"Pachyptila vittata_Gough_Gough Island_1486.csv","Pachyptila vittata","Gough","Gough Island","Gough","Gough Island, Gough","Pachyptila vittata_Gough"
"Pachyptila vittata_Gough_Gough Island_854.csv","Pachyptila vittata","Gough","Gough Island","Gough","Gough Island, Gough","Pachyptila vittata_Gough"
"Pachyptila vittata_Tristan da Cunha_Tristan da Cunha_1487.csv","Pachyptila vittata","Tristan da Cunha","Tristan da Cunha","Tristan da Cunha","Tristan da Cunha, Tristan da Cunha","Pachyptila vittata_Tristan da Cunha"
"Pagodroma nivea_Pointe Geologie_Ile des Petrels_KarineDelord2_Snow Petrel.csv","Pagodroma nivea","Pointe Geologie","Ile des Petrels","Pointe Geologie","Ile des Petrels, Pointe Geologie","Pagodroma nivea_Pointe Geologie"
"Pagodroma nivea_Pointe Geologie_Ile des Petrels_KarineDelord7_Snow Petrel.csv","Pagodroma nivea","Pointe Geologie","Ile des Petrels","Pointe Geologie","Ile des Petrels, Pointe Geologie","Pagodroma nivea_Pointe Geologie"
"Pelagodroma marina_Boa Vista_Pássaros_1570.csv","Pelagodroma marina","Boa Vista","Pássaros","Cape Verde","Pássaros, Boa Vista","Pelagodroma marina_Cape Verde"
"Pelagodroma marina_Madeira_Selvagens_Pelagodromamarina_SelvagemGrande.csv","Pelagodroma marina","Madeira","Selvagens","Madeira","Selvagens, Madeira","Pelagodroma marina_Madeira"
"Pelecanoides garnotii_Paracas_Isla La Vieja_CarlosZavalaga.csv","Pelecanoides garnotii","Paracas","Isla La Vieja","Paracas","Isla La Vieja, Paracas","Pelecanoides garnotii_Paracas"
"Pelecanoides georgicus_South Georgia (Islas Georgias del Sur)_Bird Island (SGSSI (IGSISS))_1523.csv","Pelecanoides georgicus","South Georgia (Islas Georgias del Sur)","Bird Island (SGSSI (IGSISS))","South Georgia","Bird Island (SGSSI (IGSISS)), South Georgia (Islas Georgias del Sur)","Pelecanoides georgicus_South Georgia"
"Pelecanoides urinatrix_Australia_Kanowna Island_Tommy_fromant_common_diving_petrel_kanowna_GPS.csv","Pelecanoides urinatrix","Australia","Kanowna Island","Kanowna Island","Kanowna Island, Australia","Pelecanoides urinatrix_Kanowna Island"
"Pelecanoides urinatrix_Bethells Beach_Kauwahaia Island_zoatrack_111.csv","Pelecanoides urinatrix","Bethells Beach","Kauwahaia Island","North Island","Kauwahaia Island, Bethells Beach","Pelecanoides urinatrix_North Island"
"Pelecanoides urinatrix_Mokohinau_Burgess Island_zoatrack_108.csv","Pelecanoides urinatrix","Mokohinau","Burgess Island","North Island","Burgess Island, Mokohinau","Pelecanoides urinatrix_North Island"
"Pelecanoides urinatrix_New Zealand_Tiritiri Matangi_1546.csv","Pelecanoides urinatrix","New Zealand","Tiritiri Matangi","North Island","Tiritiri Matangi, New Zealand","Pelecanoides urinatrix_North Island"
"Pelecanoides urinatrix_South Georgia (Islas Georgias del Sur)_Bird Island (SGSSI (IGSISS))_1522.csv","Pelecanoides urinatrix","South Georgia (Islas Georgias del Sur)","Bird Island (SGSSI (IGSISS))","South Georgia","Bird Island (SGSSI (IGSISS)), South Georgia (Islas Georgias del Sur)","Pelecanoides urinatrix_South Georgia"
"Pelecanoides whenuahouensis_New Zealand_Codfish Island_1602.csv","Pelecanoides whenuahouensis","New Zealand","Codfish Island","Codfish Island","Codfish Island, New Zealand","Pelecanoides whenuahouensis_Codfish Island"
"Procellaria aequinoctialis_Antipodes Islands_Antipodes Islands_627.csv","Procellaria aequinoctialis","Antipodes Islands","Antipodes Islands","Antipodes Islands","Antipodes Islands, Antipodes Islands","Procellaria aequinoctialis_Antipodes Islands"
"Procellaria aequinoctialis_Antipodes Islands_Antipodes Islands_635.csv","Procellaria aequinoctialis","Antipodes Islands","Antipodes Islands","Antipodes Islands","Antipodes Islands, Antipodes Islands","Procellaria aequinoctialis_Antipodes Islands"
"Procellaria aequinoctialis_Crozet_Crozet_Procellaria aequinoctialis_Crozet_GLS_2007-2008.csv","Procellaria aequinoctialis","Crozet","Crozet","Crozet","Crozet, Crozet","Procellaria aequinoctialis_Crozet"
"Procellaria aequinoctialis_Crozet_Iles Crozet_1314.csv","Procellaria aequinoctialis","Crozet","Iles Crozet","Crozet","Iles Crozet, Crozet","Procellaria aequinoctialis_Crozet"
"Procellaria aequinoctialis_Crozet_Iles Crozet_434.csv","Procellaria aequinoctialis","Crozet","Iles Crozet","Crozet","Iles Crozet, Crozet","Procellaria aequinoctialis_Crozet"
"Procellaria aequinoctialis_Kerguelen_Iles Kerguelen_1317.csv","Procellaria aequinoctialis","Kerguelen","Iles Kerguelen","Kerguelen","Iles Kerguelen, Kerguelen","Procellaria aequinoctialis_Kerguelen"
"Procellaria aequinoctialis_Kerguelen_Sourcils Noirs_Procellaria aequinoctialis_Kerguelen_GLS_2006-2009.csv","Procellaria aequinoctialis","Kerguelen","Sourcils Noirs","Kerguelen","Sourcils Noirs, Kerguelen","Procellaria aequinoctialis_Kerguelen"
"Procellaria aequinoctialis_Prince Edward Islands_Marion Island_1582.csv","Procellaria aequinoctialis","Prince Edward Islands","Marion Island","Prince Edward Islands","Marion Island, Prince Edward Islands","Procellaria aequinoctialis_Prince Edward Islands"
"Procellaria aequinoctialis_Prince Edward Islands_Marion Island_1592.csv","Procellaria aequinoctialis","Prince Edward Islands","Marion Island","Prince Edward Islands","Marion Island, Prince Edward Islands","Procellaria aequinoctialis_Prince Edward Islands"
"Procellaria aequinoctialis_South Georgia (Islas Georgias del Sur)_Bird Island (SGSSI (IGSISS))_1386.csv","Procellaria aequinoctialis","South Georgia (Islas Georgias del Sur)","Bird Island (SGSSI (IGSISS))","South Georgia","Bird Island (SGSSI (IGSISS)), South Georgia (Islas Georgias del Sur)","Procellaria aequinoctialis_South Georgia"
"Procellaria aequinoctialis_South Georgia (Islas Georgias del Sur)_Bird Island (SGSSI (IGSISS))_1500.csv","Procellaria aequinoctialis","South Georgia (Islas Georgias del Sur)","Bird Island (SGSSI (IGSISS))","South Georgia","Bird Island (SGSSI (IGSISS)), South Georgia (Islas Georgias del Sur)","Procellaria aequinoctialis_South Georgia"
"Procellaria aequinoctialis_South Georgia (Islas Georgias del Sur)_Bird Island (SGSSI (IGSISS))_1558.csv","Procellaria aequinoctialis","South Georgia (Islas Georgias del Sur)","Bird Island (SGSSI (IGSISS))","South Georgia","Bird Island (SGSSI (IGSISS)), South Georgia (Islas Georgias del Sur)","Procellaria aequinoctialis_South Georgia"
"Procellaria aequinoctialis_South Georgia (Islas Georgias del Sur)_Bird Island (SGSSI (IGSISS))_438.csv","Procellaria aequinoctialis","South Georgia (Islas Georgias del Sur)","Bird Island (SGSSI (IGSISS))","South Georgia","Bird Island (SGSSI (IGSISS)), South Georgia (Islas Georgias del Sur)","Procellaria aequinoctialis_South Georgia"
"Procellaria aequinoctialis_South Georgia (Islas Georgias del Sur)_Bird Island (SGSSI (IGSISS))_439.csv","Procellaria aequinoctialis","South Georgia (Islas Georgias del Sur)","Bird Island (SGSSI (IGSISS))","South Georgia","Bird Island (SGSSI (IGSISS)), South Georgia (Islas Georgias del Sur)","Procellaria aequinoctialis_South Georgia"
"Procellaria cinerea_Antipodes Islands_Antipodes Islands_634.csv","Procellaria cinerea","Antipodes Islands","Antipodes Islands","Antipodes Islands","Antipodes Islands, Antipodes Islands","Procellaria cinerea_Antipodes Islands"
"Procellaria cinerea_Gough Island_Gonydale_Procellaria cinerea_Gough Island_GLS_2014-2016.csv","Procellaria cinerea","Gough Island","Gonydale","Gough","Gonydale, Gough Island","Procellaria cinerea_Gough"
"Procellaria cinerea_Gough_Gough Island_1288.csv","Procellaria cinerea","Gough","Gough Island","Gough","Gough Island, Gough","Procellaria cinerea_Gough"
"Procellaria cinerea_Kerguelen_Iles Kerguelen_1298.csv","Procellaria cinerea","Kerguelen","Iles Kerguelen","Kerguelen","Iles Kerguelen, Kerguelen","Procellaria cinerea_Kerguelen"
"Procellaria cinerea_Kerguelen_Mayes_Procellaria cinerea_Kerguelen_GLS_2007-2013.csv","Procellaria cinerea","Kerguelen","Mayes","Kerguelen","Mayes, Kerguelen","Procellaria cinerea_Kerguelen"
"Procellaria cinerea_Prince Edward Islands_Fred's Hill Route_Procellaria cinerea_Marion Island_GLS_2009-2016.csv","Procellaria cinerea","Prince Edward Islands","Fred's Hill Route","Prince Edward Islands","Fred's Hill Route, Prince Edward Islands","Procellaria cinerea_Prince Edward Islands"
"Procellaria conspicillata_At-Sea_At-Sea_554.csv","Procellaria conspicillata","At-Sea","At-Sea","Tristan da Cunha","At-Sea, At-Sea","Procellaria conspicillata_Tristan da Cunha"
"Procellaria conspicillata_Tristan da Cunha_Inaccessible Island_858.csv","Procellaria conspicillata","Tristan da Cunha","Inaccessible Island","Tristan da Cunha","Inaccessible Island, Tristan da Cunha","Procellaria conspicillata_Tristan da Cunha"
"Procellaria parkinsoni_New Zealand_Great Barrier Island_Procellaria parkinsoni_New Zealand_GLS_2005-2006.csv","Procellaria parkinsoni","New Zealand","Great Barrier Island","Great Barrier Island","Great Barrier Island, New Zealand","Procellaria parkinsoni_Great Barrier Island"
"Procellaria parkinsoni_New Zealand_Great Barrier Island_Procellaria parkinsoni_New Zealand_GLS_2007-2009.csv","Procellaria parkinsoni","New Zealand","Great Barrier Island","Great Barrier Island","Great Barrier Island, New Zealand","Procellaria parkinsoni_Great Barrier Island"
"Procellaria westlandica_New Zealand_Punakaiki_448.csv","Procellaria westlandica","New Zealand","Punakaiki","Punakaiki","Punakaiki, New Zealand","Procellaria westlandica_Punakaiki"
"Procellaria westlandica_New Zealand_Punakaiki_Tommy_waugh_westland_petrel_2011-2016.csv","Procellaria westlandica","New Zealand","Punakaiki","Punakaiki","Punakaiki, New Zealand","Procellaria westlandica_Punakaiki"
"Procellaria westlandica_New Zealand_Scotchmanís Creek_Procellaria westlandica_New Zealand_GLS_2007-2008.csv","Procellaria westlandica","New Zealand","Scotchmanís Creek","Punakaiki","Scotchmanís Creek, New Zealand","Procellaria westlandica_Punakaiki"
"Pseudobulweria aterrima_Reunion_Reunion_Mascarene.csv","Pseudobulweria aterrima","Reunion","Reunion","Reunion","Reunion, Reunion","Pseudobulweria aterrima_Reunion"
"Pseudobulweria rostrata_Mato islet_Mato islet_1599.csv","Pseudobulweria rostrata","Mato islet","Mato islet","New Calendonia","Mato islet, Mato islet","Pseudobulweria rostrata_New Calendonia"
"Pseudobulweria rostrata_Nemou islet_Nemou islet_1600.csv","Pseudobulweria rostrata","Nemou islet","Nemou islet","New Calendonia","Nemou islet, Nemou islet","Pseudobulweria rostrata_New Calendonia"
"Pterodroma arminjoniana_Round Island_Round Island_1326.csv","Pterodroma arminjoniana","Round Island","Round Island","Round Island","Round Island, Round Island","Pterodroma arminjoniana_Round Island"
"Pterodroma arminjoniana_Round Island_Round Island_1404.csv","Pterodroma arminjoniana","Round Island","Round Island","Round Island","Round Island, Round Island","Pterodroma arminjoniana_Round Island"
"Pterodroma arminjoniana_Round Island_Round Island_890.csv","Pterodroma arminjoniana","Round Island","Round Island","Round Island","Round Island, Round Island","Pterodroma arminjoniana_Round Island"
"Pterodroma arminjoniana_Trindade Island_Praia das Tartarugas_1282.csv","Pterodroma arminjoniana","Trindade Island","Praia das Tartarugas","Trindade Island","Praia das Tartarugas, Trindade Island","Pterodroma arminjoniana_Trindade Island"
"Pterodroma arminjoniana_Trindade Island_Trindade Island_667.csv","Pterodroma arminjoniana","Trindade Island","Trindade Island","Trindade Island","Trindade Island, Trindade Island","Pterodroma arminjoniana_Trindade Island"
"Pterodroma axillaris_Chatham Island_South East Island_889.csv","Pterodroma axillaris","Chatham Island","South East Island","Chatham Islands","South East Island, Chatham Island","Pterodroma axillaris_Chatham Islands"
"Pterodroma axillaris_Chatham Islands_South East Island_zoatrack_107.csv","Pterodroma axillaris","Chatham Islands","South East Island","Chatham Islands","South East Island, Chatham Islands","Pterodroma axillaris_Chatham Islands"
"Pterodroma baraui_Reunion Island_Reunion_714.csv","Pterodroma baraui","Reunion Island","Reunion","Reunion","Reunion, Reunion Island","Pterodroma baraui_Reunion"
"Pterodroma baraui_Reunion Island_Reunion_715.csv","Pterodroma baraui","Reunion Island","Reunion","Reunion","Reunion, Reunion Island","Pterodroma baraui_Reunion"
"Pterodroma cahow_Bermuda Island_Green Horn Long R Nonsuch_1577.csv","Pterodroma cahow","Bermuda Island","Green Horn Long R Nonsuch","Bermuda Island","Green Horn Long R Nonsuch, Bermuda Island","Pterodroma cahow_Bermuda Island"
"Pterodroma cahow_Castle Harbour_Nonsuch Island_741.csv","Pterodroma cahow","Castle Harbour","Nonsuch Island","Bermuda Island","Nonsuch Island, Castle Harbour","Pterodroma cahow_Bermuda Island"
"Pterodroma cervicalis_Phillip Island (Norfolk Island)_Phillip Island_1423.csv","Pterodroma cervicalis","Phillip Island (Norfolk Island)","Phillip Island","Phillip Island","Phillip Island, Phillip Island (Norfolk Island)","Pterodroma cervicalis_Phillip Island"
"Pterodroma cervicalis_Phillip Island (Norfolk Island)_Phillip Island_1452.csv","Pterodroma cervicalis","Phillip Island (Norfolk Island)","Phillip Island","Phillip Island","Phillip Island, Phillip Island (Norfolk Island)","Pterodroma cervicalis_Phillip Island"
"Pterodroma cookii_New Zealand_Codfish Island_639.csv","Pterodroma cookii","New Zealand","Codfish Island","Codfish Island","Codfish Island, New Zealand","Pterodroma cookii_Codfish Island"
"Pterodroma cookii_New Zealand_Little Barrier Island_637.csv","Pterodroma cookii","New Zealand","Little Barrier Island","Little Barrier Island","Little Barrier Island, New Zealand","Pterodroma cookii_Little Barrier Island"
"Pterodroma cookii_New Zealand_Little Barrier Island_888.csv","Pterodroma cookii","New Zealand","Little Barrier Island","Little Barrier Island","Little Barrier Island, New Zealand","Pterodroma cookii_Little Barrier Island"
"Pterodroma deserta_Madeira_Bugio_1031.csv","Pterodroma deserta","Madeira","Bugio","Madeira","Bugio, Madeira","Pterodroma deserta_Madeira"
"Pterodroma deserta_Madeira_Bugio_1120.csv","Pterodroma deserta","Madeira","Bugio","Madeira","Bugio, Madeira","Pterodroma deserta_Madeira"
"Pterodroma deserta_Madeira_Bugio_1463.csv","Pterodroma deserta","Madeira","Bugio","Madeira","Bugio, Madeira","Pterodroma deserta_Madeira"
"Pterodroma feae_Cape Verde_Fogo_979.csv","Pterodroma feae","Cape Verde","Fogo","Cape Verde","Fogo, Cape Verde","Pterodroma feae_Cape Verde"
"Pterodroma feae_Fogo_Fogo_1497.csv","Pterodroma feae","Fogo","Fogo","Cape Verde","Fogo, Fogo","Pterodroma feae_Cape Verde"
"Pterodroma feae_Santiago_Santiago_1574.csv","Pterodroma feae","Santiago","Santiago","Cape Verde","Santiago, Santiago","Pterodroma feae_Cape Verde"
"Pterodroma feae_Santo Antão_Santo Antão_1575.csv","Pterodroma feae","Santo Antão","Santo Antão","Cape Verde","Santo Antão, Santo Antão","Pterodroma feae_Cape Verde"
"Pterodroma gouldi_Bethells Beach_Ihumoana Island_zoatrack_159.csv","Pterodroma gouldi","Bethells Beach","Ihumoana Island","Bethells Beach","Ihumoana Island, Bethells Beach","Pterodroma gouldi_Bethells Beach"
"Pterodroma gouldi_North Island New Zealand_Ihumoana Island_Pgouldi_KBourgeois.csv","Pterodroma gouldi","North Island New Zealand","Ihumoana Island","Bethells Beach","Ihumoana Island, North Island New Zealand","Pterodroma gouldi_Bethells Beach"
"Pterodroma hasitata_Sierra de Bahoruco_Sierra de Bahoruco_1588.csv","Pterodroma hasitata","Sierra de Bahoruco","Sierra de Bahoruco","Sierra de Bahoruco","Sierra de Bahoruco, Sierra de Bahoruco","Pterodroma hasitata_Sierra de Bahoruco"
"Pterodroma hasitata_Sierra de Bahoruco_Sierra de Bahoruco_1589.csv","Pterodroma hasitata","Sierra de Bahoruco","Sierra de Bahoruco","Sierra de Bahoruco","Sierra de Bahoruco, Sierra de Bahoruco","Pterodroma hasitata_Sierra de Bahoruco"
"Pterodroma incerta_Gough_Gough Island_1285.csv","Pterodroma incerta","Gough","Gough Island","Gough","Gough Island, Gough","Pterodroma incerta_Gough"
"Pterodroma incerta_Gough_Gough Island_966.csv","Pterodroma incerta","Gough","Gough Island","Gough","Gough Island, Gough","Pterodroma incerta_Gough"
"Pterodroma inexpectata_New Zealand_Lake HaurokoPetrel Island_884.csv","Pterodroma inexpectata","New Zealand","Lake HaurokoPetrel Island","Lake HaurokoPetrel Island","Lake HaurokoPetrel Island, New Zealand","Pterodroma inexpectata_Lake HaurokoPetrel Island"
"Pterodroma lessonii_Auckland_Adams Island_zoatrack_254.csv","Pterodroma lessonii","Auckland","Adams Island","Adams Island","Adams Island, Auckland","Pterodroma lessonii_Adams Island"
"Pterodroma lessonii_Auckland_Adams Island_zoatrack_762.csv","Pterodroma lessonii","Auckland","Adams Island","Adams Island","Adams Island, Auckland","Pterodroma lessonii_Adams Island"
"Pterodroma leucoptera_Cabbage Tree Island_Cabbage Tree Island_704.csv","Pterodroma leucoptera","Cabbage Tree Island","Cabbage Tree Island","Cabbage Tree Island","Cabbage Tree Island, Cabbage Tree Island","Pterodroma leucoptera_Cabbage Tree Island"
"Pterodroma leucoptera_New Caledonia_New Caledonia_885.csv","Pterodroma leucoptera","New Caledonia","New Caledonia","New Caledonia","New Caledonia, New Caledonia","Pterodroma leucoptera_New Caledonia"
"Pterodroma leucoptera_New South Wales_Cabbage Tree Island_891.csv","Pterodroma leucoptera","New South Wales","Cabbage Tree Island","Cabbage Tree Island","Cabbage Tree Island, New South Wales","Pterodroma leucoptera_Cabbage Tree Island"
"Pterodroma macroptera_Prince Edward Islands_Marion Island_Marion_GWP_DilleyRyan.csv","Pterodroma macroptera","Prince Edward Islands","Marion Island","Prince Edward Islands","Marion Island, Prince Edward Islands","Pterodroma macroptera_Prince Edward Islands"
"Pterodroma macroptera_Prince Edward Islands_Marion Island_Marion_GWP_PPistorius.csv","Pterodroma macroptera","Prince Edward Islands","Marion Island","Prince Edward Islands","Marion Island, Prince Edward Islands","Pterodroma macroptera_Prince Edward Islands"
"Pterodroma macroptera_Prince Edward Islands_Marion Island_SchoombieGWP.csv","Pterodroma macroptera","Prince Edward Islands","Marion Island","Prince Edward Islands","Marion Island, Prince Edward Islands","Pterodroma macroptera_Prince Edward Islands"
"Pterodroma madeira_Madeira_Madeira_826.csv","Pterodroma madeira","Madeira","Madeira","Madeira","Madeira, Madeira","Pterodroma madeira_Madeira"
"Pterodroma madeira_Madeira_Madeira_827.csv","Pterodroma madeira","Madeira","Madeira","Madeira","Madeira, Madeira","Pterodroma madeira_Madeira"
"Pterodroma magentae_Chatham Islands_Chatham Island_zoatrack_102.csv","Pterodroma magentae","Chatham Islands","Chatham Island","Chatham Islands","Chatham Island, Chatham Islands","Pterodroma magentae_Chatham Islands"
"Pterodroma mollis_Antipodes_Antipodes Islands_zoatrack_253.csv","Pterodroma mollis","Antipodes","Antipodes Islands","Antipodes","Antipodes Islands, Antipodes","Pterodroma mollis_Antipodes"
"Pterodroma mollis_Antipodes_Antipodes Islands_zoatrack_817.csv","Pterodroma mollis","Antipodes","Antipodes Islands","Antipodes","Antipodes Islands, Antipodes","Pterodroma mollis_Antipodes"
"Pterodroma mollis_Gough_Gough Island_1289.csv","Pterodroma mollis","Gough","Gough Island","Gough","Gough Island, Gough","Pterodroma mollis_Gough"
"Pterodroma mollis_Gough_Gough Island_967.csv","Pterodroma mollis","Gough","Gough Island","Gough","Gough Island, Gough","Pterodroma mollis_Gough"
"Pterodroma neglecta_Phillip Island (Norfolk Island)_Phillip Island_1499.csv","Pterodroma neglecta","Phillip Island (Norfolk Island)","Phillip Island","Phillip Island","Phillip Island, Phillip Island (Norfolk Island)","Pterodroma neglecta_Phillip Island"
"Pterodroma nigripennis_Chatham Island_South East Island_886.csv","Pterodroma nigripennis","Chatham Island","South East Island","Chatham Islands","South East Island, Chatham Island","Pterodroma nigripennis_Chatham Islands"
"Pterodroma nigripennis_Phillip Island (Norfolk Island)_Phillip Island_1422.csv","Pterodroma nigripennis","Phillip Island (Norfolk Island)","Phillip Island","Phillip Island","Phillip Island, Phillip Island (Norfolk Island)","Pterodroma nigripennis_Phillip Island"
"Pterodroma nigripennis_Phillip Island (Norfolk Island)_Phillip Island_1453.csv","Pterodroma nigripennis","Phillip Island (Norfolk Island)","Phillip Island","Phillip Island","Phillip Island, Phillip Island (Norfolk Island)","Pterodroma nigripennis_Phillip Island"
"Pterodroma phaeopygia_Galapagos_Santa Cruz_893.csv","Pterodroma phaeopygia","Galapagos","Santa Cruz","Galapagos","Santa Cruz, Galapagos","Pterodroma phaeopygia_Galapagos"
"Pterodroma pycrofti_New Zealand_Red Mercury Island_883.csv","Pterodroma pycrofti","New Zealand","Red Mercury Island","Red Mercury Island","Red Mercury Island, New Zealand","Pterodroma pycrofti_Red Mercury Island"
"Pterodroma sandwichensis_Hawaii_HawaiiIsland_or_Kauai_or_Lanai_ARaine_hp.csv","Pterodroma sandwichensis","Hawaii","HawaiiIsland","Hawaii","HawaiiIsland, Hawaii","Pterodroma sandwichensis_Hawaii"
"Pterodroma sandwichensis_Hawaii_US - Maui_Hawaii_HAPE.csv","Pterodroma sandwichensis","Hawaii","US - Maui","Hawaii","US - Maui, Hawaii","Pterodroma sandwichensis_Hawaii"
"Pterodroma solandri_Lord Howe Island_Lord Howe Island_892.csv","Pterodroma solandri","Lord Howe Island","Lord Howe Island","Lord Howe Island","Lord Howe Island, Lord Howe Island","Pterodroma solandri_Lord Howe Island"
"Pterodroma ultima_Henderson Island_Henderson Island_1413.csv","Pterodroma ultima","Henderson Island","Henderson Island","Henderson Island","Henderson Island, Henderson Island","Pterodroma ultima_Henderson Island"
"Pterodroma ultima_Henderson Island_North Beach_1004.csv","Pterodroma ultima","Henderson Island","North Beach","Henderson Island","North Beach, Henderson Island","Pterodroma ultima_Henderson Island"
"Puffinus assimilis_Lord Howe Island_Lord Howe Island_844.csv","Puffinus assimilis","Lord Howe Island","Lord Howe Island","Lord Howe Island","Lord Howe Island, Lord Howe Island","Puffinus assimilis_Lord Howe Island"
"Puffinus assimilis_Mokohinau_Burgess Island_zoatrack_104.csv","Puffinus assimilis","Mokohinau","Burgess Island","E of Aukland","Burgess Island, Mokohinau","Puffinus assimilis_E of Aukland"
"Puffinus bailloni_Seychelles_Aride_GerardRocamora_TS.csv","Puffinus bailloni","Seychelles","Aride","Seychelles","Aride, Seychelles","Puffinus bailloni_Seychelles"
"Puffinus gavia_Mokohinau_Burgess Island_zoatrack_109.csv","Puffinus gavia","Mokohinau","Burgess Island","E of Aukland","Burgess Island, Mokohinau","Puffinus gavia_E of Aukland"
"Puffinus huttoni_New Zealand_Te Rae o Atiu_1590.csv","Puffinus huttoni","New Zealand","Te Rae o Atiu","Te Rae o Atiu","Te Rae o Atiu, New Zealand","Puffinus huttoni_Te Rae o Atiu"
"Puffinus lherminieri_Azores_Vila_684.csv","Puffinus lherminieri","Azores","Vila","Azores","Vila, Azores","Puffinus lherminieri_Azores"
"Puffinus lherminieri_Cape Verde_Ilheu de Cima_980.csv","Puffinus lherminieri","Cape Verde","Ilheu de Cima","Cape Verde","Ilheu de Cima, Cape Verde","Puffinus lherminieri_Cape Verde"
"Puffinus lherminieri_Ilhéus do Rombo_Ilhéu de Cima_1494.csv","Puffinus lherminieri","Ilhéus do Rombo","Ilhéu de Cima","Cape Verde","Ilhéu de Cima, Ilhéus do Rombo","Puffinus lherminieri_Cape Verde"
"Puffinus lherminieri_Madeira_Cima Islet_1028.csv","Puffinus lherminieri","Madeira","Cima Islet","Madeira","Cima Islet, Madeira","Puffinus lherminieri_Madeira"
"Puffinus lherminieri_Madeira_Selvagens_1029.csv","Puffinus lherminieri","Madeira","Selvagens","Madeira","Selvagens, Madeira","Puffinus lherminieri_Madeira"
"Puffinus lherminieri_Raso Islet_Raso Islet_1460.csv","Puffinus lherminieri","Raso Islet","Raso Islet","Cape Verde","Raso Islet, Raso Islet","Puffinus lherminieri_Cape Verde"
"Puffinus lherminieri_Raso Islet_Raso_981.csv","Puffinus lherminieri","Raso Islet","Raso","Cape Verde","Raso, Raso Islet","Puffinus lherminieri_Cape Verde"
"Puffinus mauretanicus_Balearic Archipelago_Ibiza_1409.csv","Puffinus mauretanicus","Balearic Archipelago","Ibiza","Balearic Archipelago","Ibiza, Balearic Archipelago","Puffinus mauretanicus_Balearic Archipelago"
"Puffinus mauretanicus_Balearic Archipelago_Ibiza_1410.csv","Puffinus mauretanicus","Balearic Archipelago","Ibiza","Balearic Archipelago","Ibiza, Balearic Archipelago","Puffinus mauretanicus_Balearic Archipelago"
"Puffinus mauretanicus_Balearic Archipelago_Ibiza_829.csv","Puffinus mauretanicus","Balearic Archipelago","Ibiza","Balearic Archipelago","Ibiza, Balearic Archipelago","Puffinus mauretanicus_Balearic Archipelago"
"Puffinus mauretanicus_Balearic Archipelago_Ibiza_841.csv","Puffinus mauretanicus","Balearic Archipelago","Ibiza","Balearic Archipelago","Ibiza, Balearic Archipelago","Puffinus mauretanicus_Balearic Archipelago"
"Puffinus mauretanicus_Balearic Archipelago_Ibiza_842.csv","Puffinus mauretanicus","Balearic Archipelago","Ibiza","Balearic Archipelago","Ibiza, Balearic Archipelago","Puffinus mauretanicus_Balearic Archipelago"
"Puffinus mauretanicus_Balearic Archipelago_Ibiza_879.csv","Puffinus mauretanicus","Balearic Archipelago","Ibiza","Balearic Archipelago","Ibiza, Balearic Archipelago","Puffinus mauretanicus_Balearic Archipelago"
"Puffinus mauretanicus_Balearic Archipelago_Mallorca_830.csv","Puffinus mauretanicus","Balearic Archipelago","Mallorca","Balearic Archipelago","Mallorca, Balearic Archipelago","Puffinus mauretanicus_Balearic Archipelago"
"Puffinus mauretanicus_Balearic Archipelago_Menorca_831.csv","Puffinus mauretanicus","Balearic Archipelago","Menorca","Balearic Archipelago","Menorca, Balearic Archipelago","Puffinus mauretanicus_Balearic Archipelago"
"Puffinus newelli_Hawaii_Kauai_ARaine_ns.csv","Puffinus newelli","Hawaii","Kauai","Hawaii","Kauai, Hawaii","Puffinus newelli_Hawaii"
"Puffinus opisthomelas_Isla Natividad_Isla Natividad_1544.csv","Puffinus opisthomelas","Isla Natividad","Isla Natividad","Isla Natividad","Isla Natividad, Isla Natividad","Puffinus opisthomelas_Isla Natividad"
"Puffinus puffinus_Blaskets_Blaskets_1481.csv","Puffinus puffinus","Blaskets","Blaskets","Ireland","Blaskets, Blaskets","Puffinus puffinus_Ireland"
"Puffinus puffinus_England_Lundy_1089.csv","Puffinus puffinus","England","Lundy","UK","Lundy, England","Puffinus puffinus_UK"
"Puffinus puffinus_High Island_High Island_1482.csv","Puffinus puffinus","High Island","High Island","Ireland","High Island, High Island","Puffinus puffinus_Ireland"
"Puffinus puffinus_Iceland_Heimaey_1083.csv","Puffinus puffinus","Iceland","Heimaey","Heimaey","Heimaey, Iceland","Puffinus puffinus_Heimaey"
"Puffinus puffinus_Northern Ireland_Copeland_1087.csv","Puffinus puffinus","Northern Ireland","Copeland","UK","Copeland, Northern Ireland","Puffinus puffinus_UK"
"Puffinus puffinus_Small Isles_Rum_1086.csv","Puffinus puffinus","Small Isles","Rum","UK","Rum, Small Isles","Puffinus puffinus_UK"
"Puffinus puffinus_Wales_Bardsey_1557.csv","Puffinus puffinus","Wales","Bardsey","UK","Bardsey, Wales","Puffinus puffinus_UK"
"Puffinus puffinus_Wales_Ramsey_1088.csv","Puffinus puffinus","Wales","Ramsey","UK","Ramsey, Wales","Puffinus puffinus_UK"
"Puffinus puffinus_Wales_Skomer_1090.csv","Puffinus puffinus","Wales","Skomer","UK","Skomer, Wales","Puffinus puffinus_UK"
"Puffinus puffinus_Wales_Skomer_1091.csv","Puffinus puffinus","Wales","Skomer","UK","Skomer, Wales","Puffinus puffinus_UK"
"Puffinus yelkouan_Iles Hyeres_Iles Hyeres_693.csv","Puffinus yelkouan","Iles Hyeres","Iles Hyeres","Iles Hyeres","Iles Hyeres, Iles Hyeres","Puffinus yelkouan_Iles Hyeres"
"Puffinus yelkouan_Iles Hyeres_Porquerolles_1279.csv","Puffinus yelkouan","Iles Hyeres","Porquerolles","Iles Hyeres","Porquerolles, Iles Hyeres","Puffinus yelkouan_Iles Hyeres"
"Puffinus yelkouan_Iles Hyeres_Port Cros_1280.csv","Puffinus yelkouan","Iles Hyeres","Port Cros","Iles Hyeres","Port Cros, Iles Hyeres","Puffinus yelkouan_Iles Hyeres"
"Puffinus yelkouan_Malta_Majjistral_1425.csv","Puffinus yelkouan","Malta","Majjistral","Malta","Majjistral, Malta","Puffinus yelkouan_Malta"
"Puffinus yelkouan_Malta_Majjistral_837.csv","Puffinus yelkouan","Malta","Majjistral","Malta","Majjistral, Malta","Puffinus yelkouan_Malta"
"Puffinus yelkouan_Malta_Majjistral_952.csv","Puffinus yelkouan","Malta","Majjistral","Malta","Majjistral, Malta","Puffinus yelkouan_Malta"
"Puffinus yelkouan_Malta_Malta_694.csv","Puffinus yelkouan","Malta","Malta","Malta","Malta, Malta","Puffinus yelkouan_Malta"
"Puffinus yelkouan_Malta_Malta_696.csv","Puffinus yelkouan","Malta","Malta","Malta","Malta, Malta","Puffinus yelkouan_Malta"
"Puffinus yelkouan_Malta_Rdum Tal Madonna_1424.csv","Puffinus yelkouan","Malta","Rdum Tal Madonna","Malta","Rdum Tal Madonna, Malta","Puffinus yelkouan_Malta"
"Puffinus yelkouan_Malta_Rdum Tal Madonna_836.csv","Puffinus yelkouan","Malta","Rdum Tal Madonna","Malta","Rdum Tal Madonna, Malta","Puffinus yelkouan_Malta"
"Thalassoica antarctica_Davis_Hop Island_Antarctic_Petrel_PrydzBay_viaTommy.csv","Thalassoica antarctica","Davis","Hop Island","Davis","Hop Island, Davis","Thalassoica antarctica_Davis"
"Thalassoica antarctica_Svarthamaren_Svarthamaren_SDescamps_Tantarctica_GLS.csv","Thalassoica antarctica","Svarthamaren","Svarthamaren","Svarthamaren","Svarthamaren, Svarthamaren","Thalassoica antarctica_Svarthamaren"
"Thalassoica antarctica_Svarthamaren_Svarthamaren_SDescamps_Tantarctica_GPS.csv","Thalassoica antarctica","Svarthamaren","Svarthamaren","Svarthamaren","Svarthamaren, Svarthamaren","Thalassoica antarctica_Svarthamaren"
