"files","species","site","colony","pop","sp_pop","population"
"Ardenna bulleri_New Zealand_Aorangi Island_3.csv","Ardenna bulleri","New Zealand","Aorangi Island","Aorangi Island","Ardenna bulleri_Aorangi Island","Aorangi Island, New Zealand"
"Ardenna bulleri_New Zealand_Aorangi Island_4.csv","Ardenna bulleri","New Zealand","Aorangi Island","Aorangi Island","Ardenna bulleri_Aorangi Island","Aorangi Island, New Zealand"
"Ardenna bulleri_Poor Knights Group_Aorangi Island_1.csv","Ardenna bulleri","Poor Knights Group","Aorangi Island","Aorangi Island","Ardenna bulleri_Aorangi Island","Aorangi Island, Poor Knights Group"
"Ardenna bulleri_Poor Knights Group_Aorangi Island_2.csv","Ardenna bulleri","Poor Knights Group","Aorangi Island","Aorangi Island","Ardenna bulleri_Aorangi Island","Aorangi Island, Poor Knights Group"
"Ardenna carneipes_Lord Howe Island_Lord Howe Island_2.csv","Ardenna carneipes","Lord Howe Island","Lord Howe Island","Lord Howe Island","Ardenna carneipes_Lord Howe Island","Lord Howe Island, Lord Howe Island"
"Ardenna carneipes_Lord Howe Island_NA_5.csv","Ardenna carneipes","Lord Howe Island","NA","Lord Howe Island","Ardenna carneipes_Lord Howe Island","NA, Lord Howe Island"
"Ardenna carneipes_New Zealand_Kauwahaia Island_3.csv","Ardenna carneipes","New Zealand","Kauwahaia Island","New Zealand","Ardenna carneipes_New Zealand","Kauwahaia Island, New Zealand"
"Ardenna carneipes_New Zealand_Kauwahaia Island_6.csv","Ardenna carneipes","New Zealand","Kauwahaia Island","New Zealand","Ardenna carneipes_New Zealand","Kauwahaia Island, New Zealand"
"Ardenna carneipes_New Zealand_Kauwahaia Island_7.csv","Ardenna carneipes","New Zealand","Kauwahaia Island","New Zealand","Ardenna carneipes_New Zealand","Kauwahaia Island, New Zealand"
"Ardenna carneipes_New Zealand_Lady Alice_152.csv","Ardenna carneipes","New Zealand","Lady Alice","New Zealand","Ardenna carneipes_New Zealand","Lady Alice, New Zealand"
"Ardenna carneipes_New Zealand_Ohinau Island_154.csv","Ardenna carneipes","New Zealand","Ohinau Island","New Zealand","Ardenna carneipes_New Zealand","Ohinau Island, New Zealand"
"Ardenna carneipes_New Zealand_Titi Island_153.csv","Ardenna carneipes","New Zealand","Titi Island","New Zealand","Ardenna carneipes_New Zealand","Titi Island, New Zealand"
"Ardenna carneipes_Western Australia_Breaksea Island_357.csv","Ardenna carneipes","Western Australia","Breaksea Island","Breaksea Island","Ardenna carneipes_Breaksea Island","Breaksea Island, Western Australia"
"Ardenna creatopus_Isla Mocha and Juan Fernandez Archipelago_Juan Fernandez Islands_9.csv","Ardenna creatopus","Isla Mocha and Juan Fernandez Archipelago","Juan Fernandez Islands","Isla Mocha and Juan Fernandez","Ardenna creatopus_Isla Mocha and Juan Fernandez","Juan Fernandez Islands, Isla Mocha and Juan Fernandez Archipelago"
"Ardenna creatopus_Isla Mocha and Juan Fernandez Archipelago_Mocha Island_8.csv","Ardenna creatopus","Isla Mocha and Juan Fernandez Archipelago","Mocha Island","Isla Mocha and Juan Fernandez","Ardenna creatopus_Isla Mocha and Juan Fernandez","Mocha Island, Isla Mocha and Juan Fernandez Archipelago"
"Ardenna creatopus_Juan Fernandez Islands_NA_10.csv","Ardenna creatopus","Juan Fernandez Islands","NA","Isla Mocha and Juan Fernandez","Ardenna creatopus_Isla Mocha and Juan Fernandez","NA, Juan Fernandez Islands"
"Ardenna creatopus_Mocha Island_NA_11.csv","Ardenna creatopus","Mocha Island","NA","Isla Mocha and Juan Fernandez","Ardenna creatopus_Isla Mocha and Juan Fernandez","NA, Mocha Island"
"Ardenna gravis_Gough_Gough Island_160.csv","Ardenna gravis","Gough","Gough Island","Gough","Ardenna gravis_Gough","Gough Island, Gough"
"Ardenna gravis_Gough_Gough Island_354.csv","Ardenna gravis","Gough","Gough Island","Gough","Ardenna gravis_Gough","Gough Island, Gough"
"Ardenna gravis_Gough_Gough Island_470.csv","Ardenna gravis","Gough","Gough Island","Gough","Ardenna gravis_Gough","Gough Island, Gough"
"Ardenna gravis_Tristan da Cunha_Inaccessible Island_355.csv","Ardenna gravis","Tristan da Cunha","Inaccessible Island","Tristan da Cunha","Ardenna gravis_Tristan da Cunha","Inaccessible Island, Tristan da Cunha"
"Ardenna gravis_Tristan da Cunha_Nightingale_161.csv","Ardenna gravis","Tristan da Cunha","Nightingale","Tristan da Cunha","Ardenna gravis_Tristan da Cunha","Nightingale, Tristan da Cunha"
"Ardenna grisea_Bethells Beach_Kauwahaia Island_14.csv","Ardenna grisea","Bethells Beach","Kauwahaia Island","North Island","Ardenna grisea_North Island","Kauwahaia Island, Bethells Beach"
"Ardenna grisea_Bethells Beach_Kauwahaia Island_4.csv","Ardenna grisea","Bethells Beach","Kauwahaia Island","North Island","Ardenna grisea_North Island","Kauwahaia Island, Bethells Beach"
"Ardenna grisea_Falkland Islands (Islas Malvinas)_Kidney Island_275.csv","Ardenna grisea","Falkland Islands (Islas Malvinas)","Kidney Island","Falkland Islands","Ardenna grisea_Falkland Islands","Kidney Island, Falkland Islands (Islas Malvinas)"
"Ardenna grisea_Falkland Islands (Islas Malvinas)_Kidney Island_349.csv","Ardenna grisea","Falkland Islands (Islas Malvinas)","Kidney Island","Falkland Islands","Ardenna grisea_Falkland Islands","Kidney Island, Falkland Islands (Islas Malvinas)"
"Ardenna grisea_Falkland Islands (Islas Malvinas)_Kidney Island_444.csv","Ardenna grisea","Falkland Islands (Islas Malvinas)","Kidney Island","Falkland Islands","Ardenna grisea_Falkland Islands","Kidney Island, Falkland Islands (Islas Malvinas)"
"Ardenna grisea_Falkland Islands (Islas Malvinas)_Kidney Island_6.csv","Ardenna grisea","Falkland Islands (Islas Malvinas)","Kidney Island","Falkland Islands","Ardenna grisea_Falkland Islands","Kidney Island, Falkland Islands (Islas Malvinas)"
"Ardenna grisea_Falkland Islands (Islas Malvinas)_Kidney Island_7.csv","Ardenna grisea","Falkland Islands (Islas Malvinas)","Kidney Island","Falkland Islands","Ardenna grisea_Falkland Islands","Kidney Island, Falkland Islands (Islas Malvinas)"
"Ardenna grisea_Falkland Islands (Islas Malvinas)_Kidney Island_8.csv","Ardenna grisea","Falkland Islands (Islas Malvinas)","Kidney Island","Falkland Islands","Ardenna grisea_Falkland Islands","Kidney Island, Falkland Islands (Islas Malvinas)"
"Ardenna grisea_New Zealand_Codfish Island_334.csv","Ardenna grisea","New Zealand","Codfish Island","Codfish Island","Ardenna grisea_Codfish Island","Codfish Island, New Zealand"
"Ardenna grisea_New Zealand_Codfish Island_9.csv","Ardenna grisea","New Zealand","Codfish Island","Codfish Island","Ardenna grisea_Codfish Island","Codfish Island, New Zealand"
"Ardenna grisea_New Zealand_Kauwahaia Island_10.csv","Ardenna grisea","New Zealand","Kauwahaia Island","North Island","Ardenna grisea_North Island","Kauwahaia Island, New Zealand"
"Ardenna grisea_New Zealand_Kauwahaia Island_12.csv","Ardenna grisea","New Zealand","Kauwahaia Island","North Island","Ardenna grisea_North Island","Kauwahaia Island, New Zealand"
"Ardenna grisea_New Zealand_Kauwahaia Island_13.csv","Ardenna grisea","New Zealand","Kauwahaia Island","North Island","Ardenna grisea_North Island","Kauwahaia Island, New Zealand"
"Ardenna grisea_New Zealand_Mana Island_11.csv","Ardenna grisea","New Zealand","Mana Island","North Island","Ardenna grisea_North Island","Mana Island, New Zealand"
"Ardenna grisea_New Zealand_Mana Island_333.csv","Ardenna grisea","New Zealand","Mana Island","North Island","Ardenna grisea_North Island","Mana Island, New Zealand"
"Ardenna pacifica_Canard islet_Canard islet_282.csv","Ardenna pacifica","Canard islet","Canard islet","New Calendonia","Ardenna pacifica_New Calendonia","Canard islet, Canard islet"
"Ardenna pacifica_Chesterfield Archipelago_Loop islet_284.csv","Ardenna pacifica","Chesterfield Archipelago","Loop islet","New Calendonia","Ardenna pacifica_New Calendonia","Loop islet, Chesterfield Archipelago"
"Ardenna pacifica_Hawaii_Kauai_491.csv","Ardenna pacifica","Hawaii","Kauai","Hawaii","Ardenna pacifica_Hawaii","Kauai, Hawaii"
"Ardenna pacifica_Heron Island_Heron Island_547.csv","Ardenna pacifica","Heron Island","Heron Island","Heron Island","Ardenna pacifica_Heron Island","Heron Island, Heron Island"
"Ardenna pacifica_Mato islet_Mato islet_281.csv","Ardenna pacifica","Mato islet","Mato islet","New Calendonia","Ardenna pacifica_New Calendonia","Mato islet, Mato islet"
"Ardenna pacifica_Mauritius_Round_12.csv","Ardenna pacifica","Mauritius","Round","Mauritius","Ardenna pacifica_Mauritius","Round, Mauritius"
"Ardenna pacifica_Mauritius_Round_16.csv","Ardenna pacifica","Mauritius","Round","Mauritius","Ardenna pacifica_Mauritius","Round, Mauritius"
"Ardenna pacifica_Pindaï_Pindaï_285.csv","Ardenna pacifica","Pindaï","Pindaï","New Calendonia","Ardenna pacifica_New Calendonia","Pindaï, Pindaï"
"Ardenna pacifica_Reunion Island_Reunion_381.csv","Ardenna pacifica","Reunion Island","Reunion","Reunion","Ardenna pacifica_Reunion","Reunion, Reunion Island"
"Ardenna pacifica_Reunion Island_Reunion_382.csv","Ardenna pacifica","Reunion Island","Reunion","Reunion","Ardenna pacifica_Reunion","Reunion, Reunion Island"
"Ardenna pacifica_Reunion_Reunion_13.csv","Ardenna pacifica","Reunion","Reunion","Reunion","Ardenna pacifica_Reunion","Reunion, Reunion"
"Ardenna pacifica_Reunion_Reunion_17.csv","Ardenna pacifica","Reunion","Reunion","Reunion","Ardenna pacifica_Reunion","Reunion, Reunion"
"Ardenna pacifica_Seychelles_Aride_14.csv","Ardenna pacifica","Seychelles","Aride","Seychelles","Ardenna pacifica_Seychelles","Aride, Seychelles"
"Ardenna pacifica_Seychelles_Aride_15.csv","Ardenna pacifica","Seychelles","Aride","Seychelles","Ardenna pacifica_Seychelles","Aride, Seychelles"
"Ardenna pacifica_Seychelles_Aride_16.csv","Ardenna pacifica","Seychelles","Aride","Seychelles","Ardenna pacifica_Seychelles","Aride, Seychelles"
"Ardenna pacifica_Seychelles_Aride_375.csv","Ardenna pacifica","Seychelles","Aride","Seychelles","Ardenna pacifica_Seychelles","Aride, Seychelles"
"Ardenna pacifica_Seychelles_Aride_376.csv","Ardenna pacifica","Seychelles","Aride","Seychelles","Ardenna pacifica_Seychelles","Aride, Seychelles"
"Ardenna pacifica_Seychelles_Aride_546.csv","Ardenna pacifica","Seychelles","Aride","Seychelles","Ardenna pacifica_Seychelles","Aride, Seychelles"
"Ardenna pacifica_Seychelles_Cousin_17.csv","Ardenna pacifica","Seychelles","Cousin","Seychelles","Ardenna pacifica_Seychelles","Cousin, Seychelles"
"Ardenna pacifica_Seychelles_Cousin_18.csv","Ardenna pacifica","Seychelles","Cousin","Seychelles","Ardenna pacifica_Seychelles","Cousin, Seychelles"
"Ardenna pacifica_Seychelles_Cousin_377.csv","Ardenna pacifica","Seychelles","Cousin","Seychelles","Ardenna pacifica_Seychelles","Cousin, Seychelles"
"Ardenna pacifica_Seychelles_Cousin_378.csv","Ardenna pacifica","Seychelles","Cousin","Seychelles","Ardenna pacifica_Seychelles","Cousin, Seychelles"
"Ardenna pacifica_Seychelles_D Arros_379.csv","Ardenna pacifica","Seychelles","D Arros","Seychelles","Ardenna pacifica_Seychelles","D Arros, Seychelles"
"Ardenna pacifica_Seychelles_D Arros_380.csv","Ardenna pacifica","Seychelles","D Arros","Seychelles","Ardenna pacifica_Seychelles","D Arros, Seychelles"
"Ardenna pacifica_Tiam'bouene islet_Tiam'bouene islet_283.csv","Ardenna pacifica","Tiam'bouene islet","Tiam'bouene islet","New Calendonia","Ardenna pacifica_New Calendonia","Tiam'bouene islet, Tiam'bouene islet"
"Ardenna pacifica_Western Australia_Lowendal Islands & Houtman Abrolhos_18.csv","Ardenna pacifica","Western Australia","Lowendal Islands & Houtman Abrolhos","Lowendal and Houtman Abrolhoss","Ardenna pacifica_Lowendal and Houtman Abrolhoss","Lowendal Islands & Houtman Abrolhos, Western Australia"
"Ardenna pacifica_Western Australia_Lowendal Islands & Houtman Abrolhos_19.csv","Ardenna pacifica","Western Australia","Lowendal Islands & Houtman Abrolhos","Lowendal and Houtman Abrolhoss","Ardenna pacifica_Lowendal and Houtman Abrolhoss","Lowendal Islands & Houtman Abrolhos, Western Australia"
"Ardenna tenuirostris_Australia_French Island_308.csv","Ardenna tenuirostris","Australia","French Island","SE Australia","Ardenna tenuirostris_SE Australia","French Island, Australia"
"Ardenna tenuirostris_Australia_Gabo Island_22.csv","Ardenna tenuirostris","Australia","Gabo Island","SE Australia","Ardenna tenuirostris_SE Australia","Gabo Island, Australia"
"Ardenna tenuirostris_Australia_Griffiths Island_23.csv","Ardenna tenuirostris","Australia","Griffiths Island","SE Australia","Ardenna tenuirostris_SE Australia","Griffiths Island, Australia"
"Ardenna tenuirostris_Australia_Montague Island_309.csv","Ardenna tenuirostris","Australia","Montague Island","SE Australia","Ardenna tenuirostris_SE Australia","Montague Island, Australia"
"Ardenna tenuirostris_Southern Tasmania_Wedge Island or Whalebone Point_19.csv","Ardenna tenuirostris","Southern Tasmania","Wedge Island or Whalebone Point","SE Australia","Ardenna tenuirostris_SE Australia","Wedge Island or Whalebone Point, Southern Tasmania"
"Ardenna tenuirostris_Southern Tasmania_Wedge Island or Whalebone Point_20.csv","Ardenna tenuirostris","Southern Tasmania","Wedge Island or Whalebone Point","SE Australia","Ardenna tenuirostris_SE Australia","Wedge Island or Whalebone Point, Southern Tasmania"
"Ardenna tenuirostris_Tasmania_Great Dog Island_20.csv","Ardenna tenuirostris","Tasmania","Great Dog Island","SE Australia","Ardenna tenuirostris_SE Australia","Great Dog Island, Tasmania"
"Ardenna tenuirostris_Tasmania_Great Dog Island_21.csv","Ardenna tenuirostris","Tasmania","Great Dog Island","SE Australia","Ardenna tenuirostris_SE Australia","Great Dog Island, Tasmania"
"Ardenna tenuirostris_Tasmania_Wedge Island_21.csv","Ardenna tenuirostris","Tasmania","Wedge Island","SE Australia","Ardenna tenuirostris_SE Australia","Wedge Island, Tasmania"
"Ardenna tenuirostris_Tasmania_Wedge Island_256.csv","Ardenna tenuirostris","Tasmania","Wedge Island","SE Australia","Ardenna tenuirostris_SE Australia","Wedge Island, Tasmania"
"Ardenna tenuirostris_Tasmania_Wedge Island_358.csv","Ardenna tenuirostris","Tasmania","Wedge Island","SE Australia","Ardenna tenuirostris_SE Australia","Wedge Island, Tasmania"
"Bulweria bulwerii_Azores_Vila_22.csv","Bulweria bulwerii","Azores","Vila","Azores","Bulweria bulwerii_Azores","Vila, Azores"
"Bulweria bulwerii_Azores_Vila_461.csv","Bulweria bulwerii","Azores","Vila","Azores","Bulweria bulwerii_Azores","Vila, Azores"
"Bulweria bulwerii_Canarias_Alegranza_415.csv","Bulweria bulwerii","Canarias","Alegranza","Canarias","Bulweria bulwerii_Canarias","Alegranza, Canarias"
"Bulweria bulwerii_Canarias_M Clara_459.csv","Bulweria bulwerii","Canarias","M Clara","Canarias","Bulweria bulwerii_Canarias","M Clara, Canarias"
"Bulweria bulwerii_Cape Verde_Ilheu de Cima_458.csv","Bulweria bulwerii","Cape Verde","Ilheu de Cima","Cape Verde","Bulweria bulwerii_Cape Verde","Ilheu de Cima, Cape Verde"
"Bulweria bulwerii_Ilhéus do Rombo_Ilhéu de Cima_231.csv","Bulweria bulwerii","Ilhéus do Rombo","Ilhéu de Cima","Cape Verde","Bulweria bulwerii_Cape Verde","Ilhéu de Cima, Ilhéus do Rombo"
"Bulweria bulwerii_Madeira_Selvagens_110.csv","Bulweria bulwerii","Madeira","Selvagens","Madeira","Bulweria bulwerii_Madeira","Selvagens, Madeira"
"Bulweria bulwerii_Madeira_Selvagens_25.csv","Bulweria bulwerii","Madeira","Selvagens","Madeira","Bulweria bulwerii_Madeira","Selvagens, Madeira"
"Bulweria bulwerii_Madeira_Selvagens_455.csv","Bulweria bulwerii","Madeira","Selvagens","Madeira","Bulweria bulwerii_Madeira","Selvagens, Madeira"
"Bulweria bulwerii_Raso Islet_Raso_216.csv","Bulweria bulwerii","Raso Islet","Raso","Cape Verde","Bulweria bulwerii_Cape Verde","Raso, Raso Islet"
"Bulweria bulwerii_Raso Islet_Raso_460.csv","Bulweria bulwerii","Raso Islet","Raso","Cape Verde","Bulweria bulwerii_Cape Verde","Raso, Raso Islet"
"Bulweria bulwerii_Sal_Rabo de Junco_259.csv","Bulweria bulwerii","Sal","Rabo de Junco","Cape Verde","Bulweria bulwerii_Cape Verde","Rabo de Junco, Sal"
"Calonectris borealis_Azores_Corvo_23.csv","Calonectris borealis","Azores","Corvo","Azores","Calonectris borealis_Azores","Corvo, Azores"
"Calonectris borealis_Azores_Corvo_274.csv","Calonectris borealis","Azores","Corvo","Azores","Calonectris borealis_Azores","Corvo, Azores"
"Calonectris borealis_Azores_Corvo_332.csv","Calonectris borealis","Azores","Corvo","Azores","Calonectris borealis_Azores","Corvo, Azores"
"Calonectris borealis_Azores_Corvo_74.csv","Calonectris borealis","Azores","Corvo","Azores","Calonectris borealis_Azores","Corvo, Azores"
"Calonectris borealis_Azores_Corvo_75.csv","Calonectris borealis","Azores","Corvo","Azores","Calonectris borealis_Azores","Corvo, Azores"
"Calonectris borealis_Azores_Vila_26.csv","Calonectris borealis","Azores","Vila","Azores","Calonectris borealis_Azores","Vila, Azores"
"Calonectris borealis_Azores_Vila_27.csv","Calonectris borealis","Azores","Vila","Azores","Calonectris borealis_Azores","Vila, Azores"
"Calonectris borealis_Azores_Vila_327.csv","Calonectris borealis","Azores","Vila","Azores","Calonectris borealis_Azores","Vila, Azores"
"Calonectris borealis_Azores_Vila_368.csv","Calonectris borealis","Azores","Vila","Azores","Calonectris borealis_Azores","Vila, Azores"
"Calonectris borealis_Azores_Vila_463.csv","Calonectris borealis","Azores","Vila","Azores","Calonectris borealis_Azores","Vila, Azores"
"Calonectris borealis_Canarias_Alegranza_359.csv","Calonectris borealis","Canarias","Alegranza","Canarias","Calonectris borealis_Canarias","Alegranza, Canarias"
"Calonectris borealis_Canarias_Alegranza_418.csv","Calonectris borealis","Canarias","Alegranza","Canarias","Calonectris borealis_Canarias","Alegranza, Canarias"
"Calonectris borealis_Canarias_La Palma_362.csv","Calonectris borealis","Canarias","La Palma","Canarias","Calonectris borealis_Canarias","La Palma, Canarias"
"Calonectris borealis_Canarias_LanzaroteTimanfaya_424.csv","Calonectris borealis","Canarias","LanzaroteTimanfaya","Canarias","Calonectris borealis_Canarias","LanzaroteTimanfaya, Canarias"
"Calonectris borealis_Canarias_LanzaroteTimanfaya_481.csv","Calonectris borealis","Canarias","LanzaroteTimanfaya","Canarias","Calonectris borealis_Canarias","LanzaroteTimanfaya, Canarias"
"Calonectris borealis_Canarias_M Clara_471.csv","Calonectris borealis","Canarias","M Clara","Canarias","Calonectris borealis_Canarias","M Clara, Canarias"
"Calonectris borealis_Canarias_Veneguera_330.csv","Calonectris borealis","Canarias","Veneguera","Canarias","Calonectris borealis_Canarias","Veneguera, Canarias"
"Calonectris borealis_Canarias_Veneguera_365.csv","Calonectris borealis","Canarias","Veneguera","Canarias","Calonectris borealis_Canarias","Veneguera, Canarias"
"Calonectris borealis_Canarias_Veneguera_419.csv","Calonectris borealis","Canarias","Veneguera","Canarias","Calonectris borealis_Canarias","Veneguera, Canarias"
"Calonectris borealis_Canarias_Veneguera_420.csv","Calonectris borealis","Canarias","Veneguera","Canarias","Calonectris borealis_Canarias","Veneguera, Canarias"
"Calonectris borealis_Canarias_Veneguera_421.csv","Calonectris borealis","Canarias","Veneguera","Canarias","Calonectris borealis_Canarias","Veneguera, Canarias"
"Calonectris borealis_Canarias_Veneguera_422.csv","Calonectris borealis","Canarias","Veneguera","Canarias","Calonectris borealis_Canarias","Veneguera, Canarias"
"Calonectris borealis_Canarias_Veneguera_462.csv","Calonectris borealis","Canarias","Veneguera","Canarias","Calonectris borealis_Canarias","Veneguera, Canarias"
"Calonectris borealis_Canarias_Veneguera_473.csv","Calonectris borealis","Canarias","Veneguera","Canarias","Calonectris borealis_Canarias","Veneguera, Canarias"
"Calonectris borealis_Canarias_Veneguera_474.csv","Calonectris borealis","Canarias","Veneguera","Canarias","Calonectris borealis_Canarias","Veneguera, Canarias"
"Calonectris borealis_Canarias_Veneguera_475.csv","Calonectris borealis","Canarias","Veneguera","Canarias","Calonectris borealis_Canarias","Veneguera, Canarias"
"Calonectris borealis_Canarias_Veneguera_476.csv","Calonectris borealis","Canarias","Veneguera","Canarias","Calonectris borealis_Canarias","Veneguera, Canarias"
"Calonectris borealis_Canarias_Veneguera_477.csv","Calonectris borealis","Canarias","Veneguera","Canarias","Calonectris borealis_Canarias","Veneguera, Canarias"
"Calonectris borealis_Canarias_Veneguera_478.csv","Calonectris borealis","Canarias","Veneguera","Canarias","Calonectris borealis_Canarias","Veneguera, Canarias"
"Calonectris borealis_Canarias_Veneguera_479.csv","Calonectris borealis","Canarias","Veneguera","Canarias","Calonectris borealis_Canarias","Veneguera, Canarias"
"Calonectris borealis_Canarias_Veneguera_480.csv","Calonectris borealis","Canarias","Veneguera","Canarias","Calonectris borealis_Canarias","Veneguera, Canarias"
"Calonectris borealis_Canary Islands_MClara_32.csv","Calonectris borealis","Canary Islands","MClara","Canarias","Calonectris borealis_Canarias","MClara, Canary Islands"
"Calonectris borealis_Canary Islands_MClara_33.csv","Calonectris borealis","Canary Islands","MClara","Canarias","Calonectris borealis_Canarias","MClara, Canary Islands"
"Calonectris borealis_Canary Islands_MontañaClara_24.csv","Calonectris borealis","Canary Islands","MontañaClara","Canarias","Calonectris borealis_Canarias","MontañaClara, Canary Islands"
"Calonectris borealis_Canary Islands_MontañaClara_25.csv","Calonectris borealis","Canary Islands","MontañaClara","Canarias","Calonectris borealis_Canarias","MontañaClara, Canary Islands"
"Calonectris borealis_Canary Islands_MontañaClara_28.csv","Calonectris borealis","Canary Islands","MontañaClara","Canarias","Calonectris borealis_Canarias","MontañaClara, Canary Islands"
"Calonectris borealis_Canary Islands_MontañaClara_29.csv","Calonectris borealis","Canary Islands","MontañaClara","Canarias","Calonectris borealis_Canarias","MontañaClara, Canary Islands"
"Calonectris borealis_Canary Islands_MontañaClara_30.csv","Calonectris borealis","Canary Islands","MontañaClara","Canarias","Calonectris borealis_Canarias","MontañaClara, Canary Islands"
"Calonectris borealis_Canary Islands_Timanfaya_26.csv","Calonectris borealis","Canary Islands","Timanfaya","Canarias","Calonectris borealis_Canarias","Timanfaya, Canary Islands"
"Calonectris borealis_Canary Islands_Timanfaya_31.csv","Calonectris borealis","Canary Islands","Timanfaya","Canarias","Calonectris borealis_Canarias","Timanfaya, Canary Islands"
"Calonectris borealis_Madeira_Cima Islet_63.csv","Calonectris borealis","Madeira","Cima Islet","Madeira","Calonectris borealis_Madeira","Cima Islet, Madeira"
"Calonectris borealis_Madeira_Selvagens_173.csv","Calonectris borealis","Madeira","Selvagens","Madeira","Calonectris borealis_Madeira","Selvagens, Madeira"
"Calonectris borealis_Madeira_Selvagens_174.csv","Calonectris borealis","Madeira","Selvagens","Madeira","Calonectris borealis_Madeira","Selvagens, Madeira"
"Calonectris borealis_Madeira_Selvagens_175.csv","Calonectris borealis","Madeira","Selvagens","Madeira","Calonectris borealis_Madeira","Selvagens, Madeira"
"Calonectris borealis_Madeira_Selvagens_176.csv","Calonectris borealis","Madeira","Selvagens","Madeira","Calonectris borealis_Madeira","Selvagens, Madeira"
"Calonectris borealis_Madeira_Selvagens_177.csv","Calonectris borealis","Madeira","Selvagens","Madeira","Calonectris borealis_Madeira","Selvagens, Madeira"
"Calonectris borealis_Madeira_Selvagens_27.csv","Calonectris borealis","Madeira","Selvagens","Madeira","Calonectris borealis_Madeira","Selvagens, Madeira"
"Calonectris borealis_Madeira_Selvagens_28.csv","Calonectris borealis","Madeira","Selvagens","Madeira","Calonectris borealis_Madeira","Selvagens, Madeira"
"Calonectris borealis_Madeira_Selvagens_29.csv","Calonectris borealis","Madeira","Selvagens","Madeira","Calonectris borealis_Madeira","Selvagens, Madeira"
"Calonectris borealis_Madeira_Selvagens_338.csv","Calonectris borealis","Madeira","Selvagens","Madeira","Calonectris borealis_Madeira","Selvagens, Madeira"
"Calonectris borealis_Madeira_Selvagens_34.csv","Calonectris borealis","Madeira","Selvagens","Madeira","Calonectris borealis_Madeira","Selvagens, Madeira"
"Calonectris borealis_Madeira_Selvagens_344.csv","Calonectris borealis","Madeira","Selvagens","Madeira","Calonectris borealis_Madeira","Selvagens, Madeira"
"Calonectris borealis_Madeira_Selvagens_346.csv","Calonectris borealis","Madeira","Selvagens","Madeira","Calonectris borealis_Madeira","Selvagens, Madeira"
"Calonectris borealis_Madeira_Selvagens_390.csv","Calonectris borealis","Madeira","Selvagens","Madeira","Calonectris borealis_Madeira","Selvagens, Madeira"
"Calonectris borealis_Portugal_Berlengas_30.csv","Calonectris borealis","Portugal","Berlengas","Berlengas","Calonectris borealis_Berlengas","Berlengas, Portugal"
"Calonectris borealis_Portugal_Berlengas_331.csv","Calonectris borealis","Portugal","Berlengas","Berlengas","Calonectris borealis_Berlengas","Berlengas, Portugal"
"Calonectris borealis_Portugal_Berlengas_345.csv","Calonectris borealis","Portugal","Berlengas","Berlengas","Calonectris borealis_Berlengas","Berlengas, Portugal"
"Calonectris borealis_Portugal_Berlengas_62.csv","Calonectris borealis","Portugal","Berlengas","Berlengas","Calonectris borealis_Berlengas","Berlengas, Portugal"
"Calonectris borealis_Portugal_Berlengas_69.csv","Calonectris borealis","Portugal","Berlengas","Berlengas","Calonectris borealis_Berlengas","Berlengas, Portugal"
"Calonectris borealis_Portugal_Berlengas_70.csv","Calonectris borealis","Portugal","Berlengas","Berlengas","Calonectris borealis_Berlengas","Berlengas, Portugal"
"Calonectris borealis_Portugal_Berlengas_71.csv","Calonectris borealis","Portugal","Berlengas","Berlengas","Calonectris borealis_Berlengas","Berlengas, Portugal"
"Calonectris borealis_Portugal_Berlengas_72.csv","Calonectris borealis","Portugal","Berlengas","Berlengas","Calonectris borealis_Berlengas","Berlengas, Portugal"
"Calonectris borealis_Portugal_Berlengas_73.csv","Calonectris borealis","Portugal","Berlengas","Berlengas","Calonectris borealis_Berlengas","Berlengas, Portugal"
"Calonectris diomedea_Balearic Archipelago_CalaMorell_38.csv","Calonectris diomedea","Balearic Archipelago","CalaMorell","Balearic Archipelago","Calonectris diomedea_Balearic Archipelago","CalaMorell, Balearic Archipelago"
"Calonectris diomedea_Balearic Archipelago_CalaMorell_39.csv","Calonectris diomedea","Balearic Archipelago","CalaMorell","Balearic Archipelago","Calonectris diomedea_Balearic Archipelago","CalaMorell, Balearic Archipelago"
"Calonectris diomedea_Balearic Archipelago_CalaMorell_40.csv","Calonectris diomedea","Balearic Archipelago","CalaMorell","Balearic Archipelago","Calonectris diomedea_Balearic Archipelago","CalaMorell, Balearic Archipelago"
"Calonectris diomedea_Balearic Archipelago_CalaMorell_41.csv","Calonectris diomedea","Balearic Archipelago","CalaMorell","Balearic Archipelago","Calonectris diomedea_Balearic Archipelago","CalaMorell, Balearic Archipelago"
"Calonectris diomedea_Balearic Archipelago_Isla del Aire_360.csv","Calonectris diomedea","Balearic Archipelago","Isla del Aire","Balearic Archipelago","Calonectris diomedea_Balearic Archipelago","Isla del Aire, Balearic Archipelago"
"Calonectris diomedea_Balearic Archipelago_MenorcaCala Morell_290.csv","Calonectris diomedea","Balearic Archipelago","MenorcaCala Morell","Balearic Archipelago","Calonectris diomedea_Balearic Archipelago","MenorcaCala Morell, Balearic Archipelago"
"Calonectris diomedea_Balearic Archipelago_MenorcaCala Morell_291.csv","Calonectris diomedea","Balearic Archipelago","MenorcaCala Morell","Balearic Archipelago","Calonectris diomedea_Balearic Archipelago","MenorcaCala Morell, Balearic Archipelago"
"Calonectris diomedea_Balearic Archipelago_MenorcaCala Morell_292.csv","Calonectris diomedea","Balearic Archipelago","MenorcaCala Morell","Balearic Archipelago","Calonectris diomedea_Balearic Archipelago","MenorcaCala Morell, Balearic Archipelago"
"Calonectris diomedea_Balearic Archipelago_MenorcaCala Morell_293.csv","Calonectris diomedea","Balearic Archipelago","MenorcaCala Morell","Balearic Archipelago","Calonectris diomedea_Balearic Archipelago","MenorcaCala Morell, Balearic Archipelago"
"Calonectris diomedea_Balearic Archipelago_MenorcaCala Morell_294.csv","Calonectris diomedea","Balearic Archipelago","MenorcaCala Morell","Balearic Archipelago","Calonectris diomedea_Balearic Archipelago","MenorcaCala Morell, Balearic Archipelago"
"Calonectris diomedea_Balearic Archipelago_MenorcaCala Morell_425.csv","Calonectris diomedea","Balearic Archipelago","MenorcaCala Morell","Balearic Archipelago","Calonectris diomedea_Balearic Archipelago","MenorcaCala Morell, Balearic Archipelago"
"Calonectris diomedea_Balearic Archipelago_MenorcaCala Morell_426.csv","Calonectris diomedea","Balearic Archipelago","MenorcaCala Morell","Balearic Archipelago","Calonectris diomedea_Balearic Archipelago","MenorcaCala Morell, Balearic Archipelago"
"Calonectris diomedea_Balearic Archipelago_MenorcaCala Morell_427.csv","Calonectris diomedea","Balearic Archipelago","MenorcaCala Morell","Balearic Archipelago","Calonectris diomedea_Balearic Archipelago","MenorcaCala Morell, Balearic Archipelago"
"Calonectris diomedea_Balearic Archipelago_MenorcaCala Morell_428.csv","Calonectris diomedea","Balearic Archipelago","MenorcaCala Morell","Balearic Archipelago","Calonectris diomedea_Balearic Archipelago","MenorcaCala Morell, Balearic Archipelago"
"Calonectris diomedea_Balearic Archipelago_MenorcaCala Morell_429.csv","Calonectris diomedea","Balearic Archipelago","MenorcaCala Morell","Balearic Archipelago","Calonectris diomedea_Balearic Archipelago","MenorcaCala Morell, Balearic Archipelago"
"Calonectris diomedea_Balearic Archipelago_MenorcaMola de Maó_430.csv","Calonectris diomedea","Balearic Archipelago","MenorcaMola de Maó","Balearic Archipelago","Calonectris diomedea_Balearic Archipelago","MenorcaMola de Maó, Balearic Archipelago"
"Calonectris diomedea_Balearic Archipelago_Morell_363.csv","Calonectris diomedea","Balearic Archipelago","Morell","Balearic Archipelago","Calonectris diomedea_Balearic Archipelago","Morell, Balearic Archipelago"
"Calonectris diomedea_Balearic Archipelago_Pantaleu_31.csv","Calonectris diomedea","Balearic Archipelago","Pantaleu","Balearic Archipelago","Calonectris diomedea_Balearic Archipelago","Pantaleu, Balearic Archipelago"
"Calonectris diomedea_Balearic Archipelago_Pantaleu_328.csv","Calonectris diomedea","Balearic Archipelago","Pantaleu","Balearic Archipelago","Calonectris diomedea_Balearic Archipelago","Pantaleu, Balearic Archipelago"
"Calonectris diomedea_Balearic Archipelago_Pantaleu_35.csv","Calonectris diomedea","Balearic Archipelago","Pantaleu","Balearic Archipelago","Calonectris diomedea_Balearic Archipelago","Pantaleu, Balearic Archipelago"
"Calonectris diomedea_Balearic Archipelago_Pantaleu_36.csv","Calonectris diomedea","Balearic Archipelago","Pantaleu","Balearic Archipelago","Calonectris diomedea_Balearic Archipelago","Pantaleu, Balearic Archipelago"
"Calonectris diomedea_Balearic Archipelago_Pantaleu_364.csv","Calonectris diomedea","Balearic Archipelago","Pantaleu","Balearic Archipelago","Calonectris diomedea_Balearic Archipelago","Pantaleu, Balearic Archipelago"
"Calonectris diomedea_Balearic Archipelago_Pantaleu_37.csv","Calonectris diomedea","Balearic Archipelago","Pantaleu","Balearic Archipelago","Calonectris diomedea_Balearic Archipelago","Pantaleu, Balearic Archipelago"
"Calonectris diomedea_Balearic Archipelago_Pantaleu_464.csv","Calonectris diomedea","Balearic Archipelago","Pantaleu","Balearic Archipelago","Calonectris diomedea_Balearic Archipelago","Pantaleu, Balearic Archipelago"
"Calonectris diomedea_Chafarinas_Chafarinas_32.csv","Calonectris diomedea","Chafarinas","Chafarinas","Chafarinas","Calonectris diomedea_Chafarinas","Chafarinas, Chafarinas"
"Calonectris diomedea_Chafarinas_Chafarinas_329.csv","Calonectris diomedea","Chafarinas","Chafarinas","Chafarinas","Calonectris diomedea_Chafarinas","Chafarinas, Chafarinas"
"Calonectris diomedea_Chafarinas_Chafarinas_361.csv","Calonectris diomedea","Chafarinas","Chafarinas","Chafarinas","Calonectris diomedea_Chafarinas","Chafarinas, Chafarinas"
"Calonectris diomedea_Chafarinas_Chafarinas_416.csv","Calonectris diomedea","Chafarinas","Chafarinas","Chafarinas","Calonectris diomedea_Chafarinas","Chafarinas, Chafarinas"
"Calonectris diomedea_Chafarinas_Chafarinas_417.csv","Calonectris diomedea","Chafarinas","Chafarinas","Chafarinas","Calonectris diomedea_Chafarinas","Chafarinas, Chafarinas"
"Calonectris diomedea_Chafarinas_Chafarinas_42.csv","Calonectris diomedea","Chafarinas","Chafarinas","Chafarinas","Calonectris diomedea_Chafarinas","Chafarinas, Chafarinas"
"Calonectris diomedea_Chafarinas_Chafarinas_43.csv","Calonectris diomedea","Chafarinas","Chafarinas","Chafarinas","Calonectris diomedea_Chafarinas","Chafarinas, Chafarinas"
"Calonectris diomedea_Chafarinas_Chafarinas_44.csv","Calonectris diomedea","Chafarinas","Chafarinas","Chafarinas","Calonectris diomedea_Chafarinas","Chafarinas, Chafarinas"
"Calonectris diomedea_Columbretes_Columbretes_423.csv","Calonectris diomedea","Columbretes","Columbretes","Balearic Archipelago","Calonectris diomedea_Balearic Archipelago","Columbretes, Columbretes"
"Calonectris diomedea_Filfla_Filfla_407.csv","Calonectris diomedea","Filfla","Filfla","Malta","Calonectris diomedea_Malta","Filfla, Filfla"
"Calonectris diomedea_Filfla_Filfla_452.csv","Calonectris diomedea","Filfla","Filfla","Malta","Calonectris diomedea_Malta","Filfla, Filfla"
"Calonectris diomedea_Gozo_Gharb_408.csv","Calonectris diomedea","Gozo","Gharb","Malta","Calonectris diomedea_Malta","Gharb, Gozo"
"Calonectris diomedea_Gozo_Gharb_449.csv","Calonectris diomedea","Gozo","Gharb","Malta","Calonectris diomedea_Malta","Gharb, Gozo"
"Calonectris diomedea_Gozo_Gharb_453.csv","Calonectris diomedea","Gozo","Gharb","Malta","Calonectris diomedea_Malta","Gharb, Gozo"
"Calonectris diomedea_La Maddalena Archipelago_Carpa-Barettini_396.csv","Calonectris diomedea","La Maddalena Archipelago","Carpa-Barettini","La Maddalena Archipelago","Calonectris diomedea_La Maddalena Archipelago","Carpa-Barettini, La Maddalena Archipelago"
"Calonectris diomedea_La Maddalena Archipelago_Spargiotto-Barettini_251.csv","Calonectris diomedea","La Maddalena Archipelago","Spargiotto-Barettini","La Maddalena Archipelago","Calonectris diomedea_La Maddalena Archipelago","Spargiotto-Barettini, La Maddalena Archipelago"
"Calonectris diomedea_La Maddalena Archipelago_Spargiotto-Barettini_252.csv","Calonectris diomedea","La Maddalena Archipelago","Spargiotto-Barettini","La Maddalena Archipelago","Calonectris diomedea_La Maddalena Archipelago","Spargiotto-Barettini, La Maddalena Archipelago"
"Calonectris diomedea_La Maddalena Archipelago_Spargiotto-Barettini_395.csv","Calonectris diomedea","La Maddalena Archipelago","Spargiotto-Barettini","La Maddalena Archipelago","Calonectris diomedea_La Maddalena Archipelago","Spargiotto-Barettini, La Maddalena Archipelago"
"Calonectris diomedea_La Maddalena Archipelago_Spargiotto-Barettini_543.csv","Calonectris diomedea","La Maddalena Archipelago","Spargiotto-Barettini","La Maddalena Archipelago","Calonectris diomedea_La Maddalena Archipelago","Spargiotto-Barettini, La Maddalena Archipelago"
"Calonectris diomedea_Linosa_Linosa_398.csv","Calonectris diomedea","Linosa","Linosa","Linosa","Calonectris diomedea_Linosa","Linosa, Linosa"
"Calonectris diomedea_Linosa_Linosa_399.csv","Calonectris diomedea","Linosa","Linosa","Linosa","Calonectris diomedea_Linosa","Linosa, Linosa"
"Calonectris diomedea_Linosa_Mannarazza_273.csv","Calonectris diomedea","Linosa","Mannarazza","Linosa","Calonectris diomedea_Linosa","Mannarazza, Linosa"
"Calonectris diomedea_Malta_Ghar Lapsi_454.csv","Calonectris diomedea","Malta","Ghar Lapsi","Malta","Calonectris diomedea_Malta","Ghar Lapsi, Malta"
"Calonectris diomedea_Malta_Hal Far_33.csv","Calonectris diomedea","Malta","Hal Far","Malta","Calonectris diomedea_Malta","Hal Far, Malta"
"Calonectris diomedea_Malta_Hal Far_409.csv","Calonectris diomedea","Malta","Hal Far","Malta","Calonectris diomedea_Malta","Hal Far, Malta"
"Calonectris diomedea_Malta_Hal Far_450.csv","Calonectris diomedea","Malta","Hal Far","Malta","Calonectris diomedea_Malta","Hal Far, Malta"
"Calonectris diomedea_Malta_Hal Far_451.csv","Calonectris diomedea","Malta","Hal Far","Malta","Calonectris diomedea_Malta","Hal Far, Malta"
"Calonectris diomedea_Malta_Hal Far_87.csv","Calonectris diomedea","Malta","Hal Far","Malta","Calonectris diomedea_Malta","Hal Far, Malta"
"Calonectris diomedea_Malta_Malta_371.csv","Calonectris diomedea","Malta","Malta","Malta","Calonectris diomedea_Malta","Malta, Malta"
"Calonectris diomedea_Tremiti Archipelago_Capraia_394.csv","Calonectris diomedea","Tremiti Archipelago","Capraia","Tremiti Archipelago","Calonectris diomedea_Tremiti Archipelago","Capraia, Tremiti Archipelago"
"Calonectris diomedea_Tuscany Archipelago_Pianosa-LaScola_397.csv","Calonectris diomedea","Tuscany Archipelago","Pianosa-LaScola","Tuscany Archipelago","Calonectris diomedea_Tuscany Archipelago","Pianosa-LaScola, Tuscany Archipelago"
"Calonectris diomedea_Zembra_Zembra_34.csv","Calonectris diomedea","Zembra","Zembra","Zembra","Calonectris diomedea_Zembra","Zembra, Zembra"
"Calonectris diomedea_Zembra_Zembra_35.csv","Calonectris diomedea","Zembra","Zembra","Zembra","Calonectris diomedea_Zembra","Zembra, Zembra"
"Calonectris diomedea_Zembra_Zembra_45.csv","Calonectris diomedea","Zembra","Zembra","Zembra","Calonectris diomedea_Zembra","Zembra, Zembra"
"Calonectris diomedea_Zembra_Zembra_46.csv","Calonectris diomedea","Zembra","Zembra","Zembra","Calonectris diomedea_Zembra","Zembra, Zembra"
"Calonectris diomedea_Zembra_Zembra_47.csv","Calonectris diomedea","Zembra","Zembra","Zembra","Calonectris diomedea_Zembra","Zembra, Zembra"
"Calonectris edwardsii_Boa Vista_Curral Velho_234.csv","Calonectris edwardsii","Boa Vista","Curral Velho","Cape Verde","Calonectris edwardsii_Cape Verde","Curral Velho, Boa Vista"
"Calonectris edwardsii_Boa Vista_Curral Velho_260.csv","Calonectris edwardsii","Boa Vista","Curral Velho","Cape Verde","Calonectris edwardsii_Cape Verde","Curral Velho, Boa Vista"
"Calonectris edwardsii_Boa Vista_Curral Velho_261.csv","Calonectris edwardsii","Boa Vista","Curral Velho","Cape Verde","Calonectris edwardsii_Cape Verde","Curral Velho, Boa Vista"
"Calonectris edwardsii_Boa Vista_Curral Velho_289.csv","Calonectris edwardsii","Boa Vista","Curral Velho","Cape Verde","Calonectris edwardsii_Cape Verde","Curral Velho, Boa Vista"
"Calonectris edwardsii_Boa Vista_Curral Velho_482.csv","Calonectris edwardsii","Boa Vista","Curral Velho","Cape Verde","Calonectris edwardsii_Cape Verde","Curral Velho, Boa Vista"
"Calonectris edwardsii_Cape Verde_Curral Velho_465.csv","Calonectris edwardsii","Cape Verde","Curral Velho","Cape Verde","Calonectris edwardsii_Cape Verde","Curral Velho, Cape Verde"
"Calonectris edwardsii_Cape Verde_CurralVelho_36.csv","Calonectris edwardsii","Cape Verde","CurralVelho","Cape Verde","Calonectris edwardsii_Cape Verde","CurralVelho, Cape Verde"
"Calonectris edwardsii_Cape Verde_CurralVelho_37.csv","Calonectris edwardsii","Cape Verde","CurralVelho","Cape Verde","Calonectris edwardsii_Cape Verde","CurralVelho, Cape Verde"
"Calonectris edwardsii_Cape Verde_CurralVelho_48.csv","Calonectris edwardsii","Cape Verde","CurralVelho","Cape Verde","Calonectris edwardsii_Cape Verde","CurralVelho, Cape Verde"
"Calonectris edwardsii_Cape Verde_CurralVelho_49.csv","Calonectris edwardsii","Cape Verde","CurralVelho","Cape Verde","Calonectris edwardsii_Cape Verde","CurralVelho, Cape Verde"
"Calonectris edwardsii_Cape Verde_CurralVelho_50.csv","Calonectris edwardsii","Cape Verde","CurralVelho","Cape Verde","Calonectris edwardsii_Cape Verde","CurralVelho, Cape Verde"
"Calonectris edwardsii_Cape Verde_CurralVelho_51.csv","Calonectris edwardsii","Cape Verde","CurralVelho","Cape Verde","Calonectris edwardsii_Cape Verde","CurralVelho, Cape Verde"
"Calonectris edwardsii_Cape Verde_CurralVelho_52.csv","Calonectris edwardsii","Cape Verde","CurralVelho","Cape Verde","Calonectris edwardsii_Cape Verde","CurralVelho, Cape Verde"
"Calonectris edwardsii_Raso Islet_Raso_205.csv","Calonectris edwardsii","Raso Islet","Raso","Cape Verde","Calonectris edwardsii_Cape Verde","Raso, Raso Islet"
"Calonectris edwardsii_Raso Islet_Raso_466.csv","Calonectris edwardsii","Raso Islet","Raso","Cape Verde","Calonectris edwardsii_Cape Verde","Raso, Raso Islet"
"Calonectris edwardsii_Raso Islet_Raso_483.csv","Calonectris edwardsii","Raso Islet","Raso","Cape Verde","Calonectris edwardsii_Cape Verde","Raso, Raso Islet"
"Calonectris edwardsii_Raso Islet_Raso_484.csv","Calonectris edwardsii","Raso Islet","Raso","Cape Verde","Calonectris edwardsii_Cape Verde","Raso, Raso Islet"
"Calonectris leucomelas_Iwate_Funakoshi-Ohshima Island_496.csv","Calonectris leucomelas","Iwate","Funakoshi-Ohshima Island","Iwate","Calonectris leucomelas_Iwate","Funakoshi-Ohshima Island, Iwate"
"Calonectris leucomelas_Iwate_Sangan Island_446.csv","Calonectris leucomelas","Iwate","Sangan Island","Iwate","Calonectris leucomelas_Iwate","Sangan Island, Iwate"
"Calonectris leucomelas_Izu Shoto_Mikura_336.csv","Calonectris leucomelas","Izu Shoto","Mikura","Mikura","Calonectris leucomelas_Mikura","Mikura, Izu Shoto"
"Calonectris leucomelas_Izu Shoto_Mikura_447.csv","Calonectris leucomelas","Izu Shoto","Mikura","Mikura","Calonectris leucomelas_Mikura","Mikura, Izu Shoto"
"Calonectris leucomelas_Korea_Korea_540.csv","Calonectris leucomelas","Korea","Korea","Korea","Calonectris leucomelas_Korea","Korea, Korea"
"Calonectris leucomelas_Mikura_Mikura_38.csv","Calonectris leucomelas","Mikura","Mikura","Mikura","Calonectris leucomelas_Mikura","Mikura, Mikura"
"Calonectris leucomelas_Mikura_Mikura_53.csv","Calonectris leucomelas","Mikura","Mikura","Mikura","Calonectris leucomelas_Mikura","Mikura, Mikura"
"Calonectris leucomelas_Niigata_Awa Island_24.csv","Calonectris leucomelas","Niigata","Awa Island","Niigata","Calonectris leucomelas_Niigata","Awa Island, Niigata"
"Calonectris leucomelas_Sanriku Coast_Sanganjima Island_337.csv","Calonectris leucomelas","Sanriku Coast","Sanganjima Island","Iwate","Calonectris leucomelas_Iwate","Sanganjima Island, Sanriku Coast"
"Calonectris leucomelas_Sanriku_Sangan_39.csv","Calonectris leucomelas","Sanriku","Sangan","Iwate","Calonectris leucomelas_Iwate","Sangan, Sanriku"
"Calonectris leucomelas_Sanriku_Sangan_54.csv","Calonectris leucomelas","Sanriku","Sangan","Iwate","Calonectris leucomelas_Iwate","Sangan, Sanriku"
"Daption capense_Davis_Hop Island_55.csv","Daption capense","Davis","Hop Island","Davis","Daption capense_Davis","Hop Island, Davis"
"Daption capense_Pointe Geologie_Ile des Petrels_497.csv","Daption capense","Pointe Geologie","Ile des Petrels","Pointe Geologie","Daption capense_Pointe Geologie","Ile des Petrels, Pointe Geologie"
"Fulmarus glacialis_Bjørnøya_BjÃ¸rnÃ¸ya_507.csv","Fulmarus glacialis","Bjørnøya","BjÃ¸rnÃ¸ya","Bjørnøya","Fulmarus glacialis_Bjørnøya","BjÃ¸rnÃ¸ya, Bjørnøya"
"Fulmarus glacialis_Cape Vera_Cape Vera_514.csv","Fulmarus glacialis","Cape Vera","Cape Vera","Cape Vera","Fulmarus glacialis_Cape Vera","Cape Vera, Cape Vera"
"Fulmarus glacialis_Faroe Islands_Faroe Islands_509.csv","Fulmarus glacialis","Faroe Islands","Faroe Islands","Faroe Islands","Fulmarus glacialis_Faroe Islands","Faroe Islands, Faroe Islands"
"Fulmarus glacialis_Iceland_Breidafjordur_510.csv","Fulmarus glacialis","Iceland","Breidafjordur","Breidafjordur","Fulmarus glacialis_Breidafjordur","Breidafjordur, Iceland"
"Fulmarus glacialis_Jan Mayen_Jan Mayen_511.csv","Fulmarus glacialis","Jan Mayen","Jan Mayen","Jan Mayen","Fulmarus glacialis_Jan Mayen","Jan Mayen, Jan Mayen"
"Fulmarus glacialis_North Sea_Fair Isle_147.csv","Fulmarus glacialis","North Sea","Fair Isle","Scotland","Fulmarus glacialis_Scotland","Fair Isle, North Sea"
"Fulmarus glacialis_Norway_Jarsteinen_512.csv","Fulmarus glacialis","Norway","Jarsteinen","Norway","Fulmarus glacialis_Norway","Jarsteinen, Norway"
"Fulmarus glacialis_Orkney_Eynehallow_40.csv","Fulmarus glacialis","Orkney","Eynehallow","Scotland","Fulmarus glacialis_Scotland","Eynehallow, Orkney"
"Fulmarus glacialis_Orkney_Eynehallow_85.csv","Fulmarus glacialis","Orkney","Eynehallow","Scotland","Fulmarus glacialis_Scotland","Eynehallow, Orkney"
"Fulmarus glacialis_Orkney_Eynhallow_508.csv","Fulmarus glacialis","Orkney","Eynhallow","Scotland","Fulmarus glacialis_Scotland","Eynhallow, Orkney"
"Fulmarus glacialis_Orkney_Swona_150.csv","Fulmarus glacialis","Orkney","Swona","Scotland","Fulmarus glacialis_Scotland","Swona, Orkney"
"Fulmarus glacialis_Scotland_Bullers of Buchan_145.csv","Fulmarus glacialis","Scotland","Bullers of Buchan","Scotland","Fulmarus glacialis_Scotland","Bullers of Buchan, Scotland"
"Fulmarus glacialis_Scotland_Copinsay_146.csv","Fulmarus glacialis","Scotland","Copinsay","Scotland","Fulmarus glacialis_Scotland","Copinsay, Scotland"
"Fulmarus glacialis_Scotland_Muckle Skerry_148.csv","Fulmarus glacialis","Scotland","Muckle Skerry","Scotland","Fulmarus glacialis_Scotland","Muckle Skerry, Scotland"
"Fulmarus glacialis_Scotland_Whinnyfold_151.csv","Fulmarus glacialis","Scotland","Whinnyfold","Scotland","Fulmarus glacialis_Scotland","Whinnyfold, Scotland"
"Fulmarus glacialis_Svalbard_Alkefjellet_506.csv","Fulmarus glacialis","Svalbard","Alkefjellet","Svalbard","Fulmarus glacialis_Svalbard","Alkefjellet, Svalbard"
"Fulmarus glacialoides_Davis_Hop Island_542.csv","Fulmarus glacialoides","Davis","Hop Island","Davis","Fulmarus glacialoides_Davis","Hop Island, Davis"
"Fulmarus glacialoides_Pointe Geologie_Ile des Petrels_499.csv","Fulmarus glacialoides","Pointe Geologie","Ile des Petrels","Pointe Geologie","Fulmarus glacialoides_Pointe Geologie","Ile des Petrels, Pointe Geologie"
"Halobaena caerulea_Kerguelen_Iles Kerguelen_269.csv","Halobaena caerulea","Kerguelen","Iles Kerguelen","Kerguelen","Halobaena caerulea_Kerguelen","Iles Kerguelen, Kerguelen"
"Halobaena caerulea_Kerguelen_Iles Kerguelen_41.csv","Halobaena caerulea","Kerguelen","Iles Kerguelen","Kerguelen","Halobaena caerulea_Kerguelen","Iles Kerguelen, Kerguelen"
"Halobaena caerulea_South Georgia (Islas Georgias del Sur)_Bird Island (SGSSI (IGSISS))_239.csv","Halobaena caerulea","South Georgia (Islas Georgias del Sur)","Bird Island (SGSSI (IGSISS))","South Georgia","Halobaena caerulea_South Georgia","Bird Island (SGSSI (IGSISS)), South Georgia (Islas Georgias del Sur)"
"Halobaena caerulea_South Georgia (Islas Georgias del Sur)_Bird Island (SGSSI (IGSISS))_42.csv","Halobaena caerulea","South Georgia (Islas Georgias del Sur)","Bird Island (SGSSI (IGSISS))","South Georgia","Halobaena caerulea_South Georgia","Bird Island (SGSSI (IGSISS)), South Georgia (Islas Georgias del Sur)"
"Hydrobates castro_Azores_Praia Islet_248.csv","Hydrobates castro","Azores","Praia Islet","Azores","Hydrobates castro_Azores","Praia Islet, Azores"
"Hydrobates castro_Azores_Praia Islet_249.csv","Hydrobates castro","Azores","Praia Islet","Azores","Hydrobates castro_Azores","Praia Islet, Azores"
"Hydrobates castro_Egg Island_Egg Island_192.csv","Hydrobates castro","Egg Island","Egg Island","St Helena","Hydrobates castro_St Helena","Egg Island, Egg Island"
"Hydrobates castro_Portugal_Berlengas_493.csv","Hydrobates castro","Portugal","Berlengas","Berlengas","Hydrobates castro_Berlengas","Berlengas, Portugal"
"Hydrobates furcatus_Gillam Island_Gillam Islands_200.csv","Hydrobates furcatus","Gillam Island","Gillam Islands","Gillam Island","Hydrobates furcatus_Gillam Island","Gillam Islands, Gillam Island"
"Hydrobates furcatus_Gillam Island_Gillam Islands_43.csv","Hydrobates furcatus","Gillam Island","Gillam Islands","Gillam Island","Hydrobates furcatus_Gillam Island","Gillam Islands, Gillam Island"
"Hydrobates jabejabe_Ilhéus do Rombo_Ilhéu de Cima_262.csv","Hydrobates jabejabe","Ilhéus do Rombo","Ilhéu de Cima","Cape Verde","Hydrobates jabejabe_Cape Verde","Ilhéu de Cima, Ilhéus do Rombo"
"Hydrobates jabejabe_Ilhéus do Rombo_Ilhéu de Cima_263.csv","Hydrobates jabejabe","Ilhéus do Rombo","Ilhéu de Cima","Cape Verde","Hydrobates jabejabe_Cape Verde","Ilhéu de Cima, Ilhéus do Rombo"
"Hydrobates leucorhous_Baccalieu Island_Baccalieu Island_180.csv","Hydrobates leucorhous","Baccalieu Island","Baccalieu Island","Newfoundland","Hydrobates leucorhous_Newfoundland","Baccalieu Island, Baccalieu Island"
"Hydrobates leucorhous_Bon Portage_Bon Portage_178.csv","Hydrobates leucorhous","Bon Portage","Bon Portage","Nova Scotia","Hydrobates leucorhous_Nova Scotia","Bon Portage, Bon Portage"
"Hydrobates leucorhous_Bon Portage_BP1_116.csv","Hydrobates leucorhous","Bon Portage","BP1","Nova Scotia","Hydrobates leucorhous_Nova Scotia","BP1, Bon Portage"
"Hydrobates leucorhous_Country Island_CI1_117.csv","Hydrobates leucorhous","Country Island","CI1","Nova Scotia","Hydrobates leucorhous_Nova Scotia","CI1, Country Island"
"Hydrobates leucorhous_Country Island_Country Island_181.csv","Hydrobates leucorhous","Country Island","Country Island","Nova Scotia","Hydrobates leucorhous_Nova Scotia","Country Island, Country Island"
"Hydrobates leucorhous_Country Island_Country Island_250.csv","Hydrobates leucorhous","Country Island","Country Island","Nova Scotia","Hydrobates leucorhous_Nova Scotia","Country Island, Country Island"
"Hydrobates leucorhous_Eastern Shore Islands_Bird Island_118.csv","Hydrobates leucorhous","Eastern Shore Islands","Bird Island","Nova Scotia","Hydrobates leucorhous_Nova Scotia","Bird Island, Eastern Shore Islands"
"Hydrobates leucorhous_Gillam Island_Gillam Islands_199.csv","Hydrobates leucorhous","Gillam Island","Gillam Islands","Gillam Island","Hydrobates leucorhous_Gillam Island","Gillam Islands, Gillam Island"
"Hydrobates leucorhous_Gillam Island_Gillam Islands_44.csv","Hydrobates leucorhous","Gillam Island","Gillam Islands","Gillam Island","Hydrobates leucorhous_Gillam Island","Gillam Islands, Gillam Island"
"Hydrobates leucorhous_Gull Island_Gull Island_179.csv","Hydrobates leucorhous","Gull Island","Gull Island","Newfoundland","Hydrobates leucorhous_Newfoundland","Gull Island, Gull Island"
"Hydrobates monteiroi_Azores_Praia Islet_247.csv","Hydrobates monteiroi","Azores","Praia Islet","Azores","Hydrobates monteiroi_Azores","Praia Islet, Azores"
"Hydrobates monteiroi_Azores_Praia Islet_494.csv","Hydrobates monteiroi","Azores","Praia Islet","Azores","Hydrobates monteiroi_Azores","Praia Islet, Azores"
"Hydrobates pelagicus_Benidorm Island_Benidorm_258.csv","Hydrobates pelagicus","Benidorm Island","Benidorm","Benidorm Island","Hydrobates pelagicus_Benidorm Island","Benidorm, Benidorm Island"
"Hydrobates pelagicus_Capo caccia_Capo caccia_253.csv","Hydrobates pelagicus","Capo caccia","Capo caccia","Capo caccia","Hydrobates pelagicus_Capo caccia","Capo caccia, Capo caccia"
"Hydrobates pelagicus_Filfla_Filfla_206.csv","Hydrobates pelagicus","Filfla","Filfla","Malta","Hydrobates pelagicus_Malta","Filfla, Filfla"
"Hydrobates pelagicus_High Island_High Island_267.csv","Hydrobates pelagicus","High Island","High Island","Ireland","Hydrobates pelagicus_Ireland","High Island, High Island"
"Hydrobates pelagicus_Shetland_Mousa_257.csv","Hydrobates pelagicus","Shetland","Mousa","Shetland","Hydrobates pelagicus_Shetland","Mousa, Shetland"
"Hydrobates pelagicus_Shetland_Mousa_495.csv","Hydrobates pelagicus","Shetland","Mousa","Shetland","Hydrobates pelagicus_Shetland","Mousa, Shetland"
"Oceanites oceanicus_South Shetland Islands_King George Island_279.csv","Oceanites oceanicus","South Shetland Islands","King George Island","South Shetland Islands","Oceanites oceanicus_South Shetland Islands","King George Island, South Shetland Islands"
"Pachyptila belcheri_Kerguelen_Iles Kerguelen_271.csv","Pachyptila belcheri","Kerguelen","Iles Kerguelen","Kerguelen","Pachyptila belcheri_Kerguelen","Iles Kerguelen, Kerguelen"
"Pachyptila belcheri_Kerguelen_Iles Kerguelen_45.csv","Pachyptila belcheri","Kerguelen","Iles Kerguelen","Kerguelen","Pachyptila belcheri_Kerguelen","Iles Kerguelen, Kerguelen"
"Pachyptila belcheri_New Island_New Island_243.csv","Pachyptila belcheri","New Island","New Island","New Island","Pachyptila belcheri_New Island","New Island, New Island"
"Pachyptila desolata_Kerguelen_Iles Kerguelen_270.csv","Pachyptila desolata","Kerguelen","Iles Kerguelen","Kerguelen","Pachyptila desolata_Kerguelen","Iles Kerguelen, Kerguelen"
"Pachyptila desolata_South Georgia (Islas Georgias del Sur)_Bird Island (SGSSI (IGSISS))_238.csv","Pachyptila desolata","South Georgia (Islas Georgias del Sur)","Bird Island (SGSSI (IGSISS))","South Georgia","Pachyptila desolata_South Georgia","Bird Island (SGSSI (IGSISS)), South Georgia (Islas Georgias del Sur)"
"Pachyptila desolata_South Georgia (Islas Georgias del Sur)_Bird Island (SGSSI (IGSISS))_46.csv","Pachyptila desolata","South Georgia (Islas Georgias del Sur)","Bird Island (SGSSI (IGSISS))","South Georgia","Pachyptila desolata_South Georgia","Bird Island (SGSSI (IGSISS)), South Georgia (Islas Georgias del Sur)"
"Pachyptila macgillivrayi_Gough_Gough Island_228.csv","Pachyptila macgillivrayi","Gough","Gough Island","Gough","Pachyptila macgillivrayi_Gough","Gough Island, Gough"
"Pachyptila turtur_Australia_Kanowna Island_486.csv","Pachyptila turtur","Australia","Kanowna Island","Kanowna Island","Pachyptila turtur_Kanowna Island","Kanowna Island, Australia"
"Pachyptila turtur_Dunedin_Dunedin_515.csv","Pachyptila turtur","Dunedin","Dunedin","Dunedin","Pachyptila turtur_Dunedin","Dunedin, Dunedin"
"Pachyptila vittata_Gough_Gough Island_227.csv","Pachyptila vittata","Gough","Gough Island","Gough","Pachyptila vittata_Gough","Gough Island, Gough"
"Pachyptila vittata_Gough_Gough Island_229.csv","Pachyptila vittata","Gough","Gough Island","Gough","Pachyptila vittata_Gough","Gough Island, Gough"
"Pachyptila vittata_Gough_Gough Island_413.csv","Pachyptila vittata","Gough","Gough Island","Gough","Pachyptila vittata_Gough","Gough Island, Gough"
"Pachyptila vittata_Gough_Gough Island_48.csv","Pachyptila vittata","Gough","Gough Island","Gough","Pachyptila vittata_Gough","Gough Island, Gough"
"Pachyptila vittata_Gough_Gough Island_49.csv","Pachyptila vittata","Gough","Gough Island","Gough","Pachyptila vittata_Gough","Gough Island, Gough"
"Pachyptila vittata_Tristan da Cunha_Tristan da Cunha_230.csv","Pachyptila vittata","Tristan da Cunha","Tristan da Cunha","Tristan da Cunha","Pachyptila vittata_Tristan da Cunha","Tristan da Cunha, Tristan da Cunha"
"Pachyptila vittata_Tristan da Cunha_Tristan da Cunha_50.csv","Pachyptila vittata","Tristan da Cunha","Tristan da Cunha","Tristan da Cunha","Pachyptila vittata_Tristan da Cunha","Tristan da Cunha, Tristan da Cunha"
"Pagodroma nivea_Pointe Geologie_Ile des Petrels_498.csv","Pagodroma nivea","Pointe Geologie","Ile des Petrels","Pointe Geologie","Pagodroma nivea_Pointe Geologie","Ile des Petrels, Pointe Geologie"
"Pagodroma nivea_Pointe Geologie_Ile des Petrels_503.csv","Pagodroma nivea","Pointe Geologie","Ile des Petrels","Pointe Geologie","Pagodroma nivea_Pointe Geologie","Ile des Petrels, Pointe Geologie"
"Pelagodroma marina_Boa Vista_Pássaros_264.csv","Pelagodroma marina","Boa Vista","Pássaros","Cape Verde","Pelagodroma marina_Cape Verde","Pássaros, Boa Vista"
"Pelagodroma marina_Madeira_Selvagens_517.csv","Pelagodroma marina","Madeira","Selvagens","Madeira","Pelagodroma marina_Madeira","Selvagens, Madeira"
"Pelecanoides garnotii_Paracas_Isla La Vieja_56.csv","Pelecanoides garnotii","Paracas","Isla La Vieja","Paracas","Pelecanoides garnotii_Paracas","Isla La Vieja, Paracas"
"Pelecanoides georgicus_South Georgia (Islas Georgias del Sur)_Bird Island (SGSSI (IGSISS))_241.csv","Pelecanoides georgicus","South Georgia (Islas Georgias del Sur)","Bird Island (SGSSI (IGSISS))","South Georgia","Pelecanoides georgicus_South Georgia","Bird Island (SGSSI (IGSISS)), South Georgia (Islas Georgias del Sur)"
"Pelecanoides georgicus_South Georgia (Islas Georgias del Sur)_Bird Island (SGSSI (IGSISS))_51.csv","Pelecanoides georgicus","South Georgia (Islas Georgias del Sur)","Bird Island (SGSSI (IGSISS))","South Georgia","Pelecanoides georgicus_South Georgia","Bird Island (SGSSI (IGSISS)), South Georgia (Islas Georgias del Sur)"
"Pelecanoides urinatrix_Australia_Kanowna Island_485.csv","Pelecanoides urinatrix","Australia","Kanowna Island","Kanowna Island","Pelecanoides urinatrix_Kanowna Island","Kanowna Island, Australia"
"Pelecanoides urinatrix_Bethells Beach_Kauwahaia Island_519.csv","Pelecanoides urinatrix","Bethells Beach","Kauwahaia Island","North Island","Pelecanoides urinatrix_North Island","Kauwahaia Island, Bethells Beach"
"Pelecanoides urinatrix_Bethells Beach_Kauwahaia Island_52.csv","Pelecanoides urinatrix","Bethells Beach","Kauwahaia Island","North Island","Pelecanoides urinatrix_North Island","Kauwahaia Island, Bethells Beach"
"Pelecanoides urinatrix_Mokohinau_Burgess Island_518.csv","Pelecanoides urinatrix","Mokohinau","Burgess Island","North Island","Pelecanoides urinatrix_North Island","Burgess Island, Mokohinau"
"Pelecanoides urinatrix_New Zealand_Tiritiri Matangi_246.csv","Pelecanoides urinatrix","New Zealand","Tiritiri Matangi","North Island","Pelecanoides urinatrix_North Island","Tiritiri Matangi, New Zealand"
"Pelecanoides urinatrix_South Georgia (Islas Georgias del Sur)_Bird Island (SGSSI (IGSISS))_240.csv","Pelecanoides urinatrix","South Georgia (Islas Georgias del Sur)","Bird Island (SGSSI (IGSISS))","South Georgia","Pelecanoides urinatrix_South Georgia","Bird Island (SGSSI (IGSISS)), South Georgia (Islas Georgias del Sur)"
"Pelecanoides urinatrix_South Georgia (Islas Georgias del Sur)_Bird Island (SGSSI (IGSISS))_53.csv","Pelecanoides urinatrix","South Georgia (Islas Georgias del Sur)","Bird Island (SGSSI (IGSISS))","South Georgia","Pelecanoides urinatrix_South Georgia","Bird Island (SGSSI (IGSISS)), South Georgia (Islas Georgias del Sur)"
"Pelecanoides whenuahouensis_New Zealand_Codfish Island_288.csv","Pelecanoides whenuahouensis","New Zealand","Codfish Island","Codfish Island","Pelecanoides whenuahouensis_Codfish Island","Codfish Island, New Zealand"
"Procellaria aequinoctialis_Antipodes Islands_Antipodes Islands_348.csv","Procellaria aequinoctialis","Antipodes Islands","Antipodes Islands","Antipodes Islands","Procellaria aequinoctialis_Antipodes Islands","Antipodes Islands, Antipodes Islands"
"Procellaria aequinoctialis_Antipodes Islands_Antipodes Islands_351.csv","Procellaria aequinoctialis","Antipodes Islands","Antipodes Islands","Antipodes Islands","Procellaria aequinoctialis_Antipodes Islands","Antipodes Islands, Antipodes Islands"
"Procellaria aequinoctialis_Crozet_Iles Crozet_170.csv","Procellaria aequinoctialis","Crozet","Iles Crozet","Crozet","Procellaria aequinoctialis_Crozet","Iles Crozet, Crozet"
"Procellaria aequinoctialis_Crozet_Iles Crozet_299.csv","Procellaria aequinoctialis","Crozet","Iles Crozet","Crozet","Procellaria aequinoctialis_Crozet","Iles Crozet, Crozet"
"Procellaria aequinoctialis_Crozet_NA_520.csv","Procellaria aequinoctialis","Crozet","NA","Crozet","Procellaria aequinoctialis_Crozet","NA, Crozet"
"Procellaria aequinoctialis_Kerguelen_Iles Kerguelen_171.csv","Procellaria aequinoctialis","Kerguelen","Iles Kerguelen","Kerguelen","Procellaria aequinoctialis_Kerguelen","Iles Kerguelen, Kerguelen"
"Procellaria aequinoctialis_Kerguelen_Sourcils Noirs_521.csv","Procellaria aequinoctialis","Kerguelen","Sourcils Noirs","Kerguelen","Procellaria aequinoctialis_Kerguelen","Sourcils Noirs, Kerguelen"
"Procellaria aequinoctialis_Prince Edward Islands_Marion Island_272.csv","Procellaria aequinoctialis","Prince Edward Islands","Marion Island","Prince Edward Islands","Procellaria aequinoctialis_Prince Edward Islands","Marion Island, Prince Edward Islands"
"Procellaria aequinoctialis_Prince Edward Islands_Marion Island_280.csv","Procellaria aequinoctialis","Prince Edward Islands","Marion Island","Prince Edward Islands","Procellaria aequinoctialis_Prince Edward Islands","Marion Island, Prince Edward Islands"
"Procellaria aequinoctialis_South Georgia (Islas Georgias del Sur)_Bird Island (SGSSI (IGSISS))_185.csv","Procellaria aequinoctialis","South Georgia (Islas Georgias del Sur)","Bird Island (SGSSI (IGSISS))","South Georgia","Procellaria aequinoctialis_South Georgia","Bird Island (SGSSI (IGSISS)), South Georgia (Islas Georgias del Sur)"
"Procellaria aequinoctialis_South Georgia (Islas Georgias del Sur)_Bird Island (SGSSI (IGSISS))_236.csv","Procellaria aequinoctialis","South Georgia (Islas Georgias del Sur)","Bird Island (SGSSI (IGSISS))","South Georgia","Procellaria aequinoctialis_South Georgia","Bird Island (SGSSI (IGSISS)), South Georgia (Islas Georgias del Sur)"
"Procellaria aequinoctialis_South Georgia (Islas Georgias del Sur)_Bird Island (SGSSI (IGSISS))_255.csv","Procellaria aequinoctialis","South Georgia (Islas Georgias del Sur)","Bird Island (SGSSI (IGSISS))","South Georgia","Procellaria aequinoctialis_South Georgia","Bird Island (SGSSI (IGSISS)), South Georgia (Islas Georgias del Sur)"
"Procellaria aequinoctialis_South Georgia (Islas Georgias del Sur)_Bird Island (SGSSI (IGSISS))_300.csv","Procellaria aequinoctialis","South Georgia (Islas Georgias del Sur)","Bird Island (SGSSI (IGSISS))","South Georgia","Procellaria aequinoctialis_South Georgia","Bird Island (SGSSI (IGSISS)), South Georgia (Islas Georgias del Sur)"
"Procellaria aequinoctialis_South Georgia (Islas Georgias del Sur)_Bird Island (SGSSI (IGSISS))_301.csv","Procellaria aequinoctialis","South Georgia (Islas Georgias del Sur)","Bird Island (SGSSI (IGSISS))","South Georgia","Procellaria aequinoctialis_South Georgia","Bird Island (SGSSI (IGSISS)), South Georgia (Islas Georgias del Sur)"
"Procellaria aequinoctialis_South Georgia (Islas Georgias del Sur)_Bird Island (SGSSI (IGSISS))_54.csv","Procellaria aequinoctialis","South Georgia (Islas Georgias del Sur)","Bird Island (SGSSI (IGSISS))","South Georgia","Procellaria aequinoctialis_South Georgia","Bird Island (SGSSI (IGSISS)), South Georgia (Islas Georgias del Sur)"
"Procellaria aequinoctialis_South Georgia (Islas Georgias del Sur)_Bird Island (SGSSI (IGSISS))_55.csv","Procellaria aequinoctialis","South Georgia (Islas Georgias del Sur)","Bird Island (SGSSI (IGSISS))","South Georgia","Procellaria aequinoctialis_South Georgia","Bird Island (SGSSI (IGSISS)), South Georgia (Islas Georgias del Sur)"
"Procellaria aequinoctialis_South Georgia (Islas Georgias del Sur)_Bird Island (SGSSI (IGSISS))_56.csv","Procellaria aequinoctialis","South Georgia (Islas Georgias del Sur)","Bird Island (SGSSI (IGSISS))","South Georgia","Procellaria aequinoctialis_South Georgia","Bird Island (SGSSI (IGSISS)), South Georgia (Islas Georgias del Sur)"
"Procellaria cinerea_Antipodes Islands_Antipodes Islands_350.csv","Procellaria cinerea","Antipodes Islands","Antipodes Islands","Antipodes Islands","Procellaria cinerea_Antipodes Islands","Antipodes Islands, Antipodes Islands"
"Procellaria cinerea_Gough Island_Gonydale_522.csv","Procellaria cinerea","Gough Island","Gonydale","Gough","Procellaria cinerea_Gough","Gonydale, Gough Island"
"Procellaria cinerea_Gough Island_Gonydale_57.csv","Procellaria cinerea","Gough Island","Gonydale","Gough","Procellaria cinerea_Gough","Gonydale, Gough Island"
"Procellaria cinerea_Gough_Gough Island_162.csv","Procellaria cinerea","Gough","Gough Island","Gough","Procellaria cinerea_Gough","Gough Island, Gough"
"Procellaria cinerea_Kerguelen_Iles Kerguelen_167.csv","Procellaria cinerea","Kerguelen","Iles Kerguelen","Kerguelen","Procellaria cinerea_Kerguelen","Iles Kerguelen, Kerguelen"
"Procellaria cinerea_Kerguelen_Mayes_523.csv","Procellaria cinerea","Kerguelen","Mayes","Kerguelen","Procellaria cinerea_Kerguelen","Mayes, Kerguelen"
"Procellaria cinerea_Kerguelen_Mayes_58.csv","Procellaria cinerea","Kerguelen","Mayes","Kerguelen","Procellaria cinerea_Kerguelen","Mayes, Kerguelen"
"Procellaria cinerea_Prince Edward Islands_Fred's Hill Route_524.csv","Procellaria cinerea","Prince Edward Islands","Fred's Hill Route","Prince Edward Islands","Procellaria cinerea_Prince Edward Islands","Fred's Hill Route, Prince Edward Islands"
"Procellaria cinerea_Prince Edward Islands_Fred's Hill Route_59.csv","Procellaria cinerea","Prince Edward Islands","Fred's Hill Route","Prince Edward Islands","Procellaria cinerea_Prince Edward Islands","Fred's Hill Route, Prince Edward Islands"
"Procellaria conspicillata_At-Sea_At-Sea_335.csv","Procellaria conspicillata","At-Sea","At-Sea","Tristan da Cunha","Procellaria conspicillata_Tristan da Cunha","At-Sea, At-Sea"
"Procellaria conspicillata_Tristan da Cunha_Inaccessible Island_414.csv","Procellaria conspicillata","Tristan da Cunha","Inaccessible Island","Tristan da Cunha","Procellaria conspicillata_Tristan da Cunha","Inaccessible Island, Tristan da Cunha"
"Procellaria parkinsoni_New Zealand_Great Barrier Island_525.csv","Procellaria parkinsoni","New Zealand","Great Barrier Island","Great Barrier Island","Procellaria parkinsoni_Great Barrier Island","Great Barrier Island, New Zealand"
"Procellaria parkinsoni_New Zealand_Great Barrier Island_526.csv","Procellaria parkinsoni","New Zealand","Great Barrier Island","Great Barrier Island","Procellaria parkinsoni_Great Barrier Island","Great Barrier Island, New Zealand"
"Procellaria parkinsoni_New Zealand_Great Barrier Island_60.csv","Procellaria parkinsoni","New Zealand","Great Barrier Island","Great Barrier Island","Procellaria parkinsoni_Great Barrier Island","Great Barrier Island, New Zealand"
"Procellaria westlandica_New Zealand_Punakaiki_302.csv","Procellaria westlandica","New Zealand","Punakaiki","Punakaiki","Procellaria westlandica_Punakaiki","Punakaiki, New Zealand"
"Procellaria westlandica_New Zealand_Punakaiki_545.csv","Procellaria westlandica","New Zealand","Punakaiki","Punakaiki","Procellaria westlandica_Punakaiki","Punakaiki, New Zealand"
"Procellaria westlandica_New Zealand_Scotchmans Creek_527.csv","Procellaria westlandica","New Zealand","Scotchmans Creek","Punakaiki","Procellaria westlandica_Punakaiki","Scotchmans Creek, New Zealand"
"Procellaria westlandica_New Zealand_Scotchmans Creek_61.csv","Procellaria westlandica","New Zealand","Scotchmans Creek","Punakaiki","Procellaria westlandica_Punakaiki","Scotchmans Creek, New Zealand"
"Pseudobulweria aterrima_Reunion_Reunion_505.csv","Pseudobulweria aterrima","Reunion","Reunion","Reunion","Pseudobulweria aterrima_Reunion","Reunion, Reunion"
"Pseudobulweria aterrima_Reunion_Reunion_62.csv","Pseudobulweria aterrima","Reunion","Reunion","Reunion","Pseudobulweria aterrima_Reunion","Reunion, Reunion"
"Pseudobulweria rostrata_Mato islet_Mato islet_286.csv","Pseudobulweria rostrata","Mato islet","Mato islet","New Calendonia","Pseudobulweria rostrata_New Calendonia","Mato islet, Mato islet"
"Pseudobulweria rostrata_Nemou islet_Nemou islet_287.csv","Pseudobulweria rostrata","Nemou islet","Nemou islet","New Calendonia","Pseudobulweria rostrata_New Calendonia","Nemou islet, Nemou islet"
"Pterodroma arminjoniana_Round Island_Round Island_172.csv","Pterodroma arminjoniana","Round Island","Round Island","Round Island","Pterodroma arminjoniana_Round Island","Round Island, Round Island"
"Pterodroma arminjoniana_Round Island_Round Island_193.csv","Pterodroma arminjoniana","Round Island","Round Island","Round Island","Pterodroma arminjoniana_Round Island","Round Island, Round Island"
"Pterodroma arminjoniana_Round Island_Round Island_439.csv","Pterodroma arminjoniana","Round Island","Round Island","Round Island","Pterodroma arminjoniana_Round Island","Round Island, Round Island"
"Pterodroma arminjoniana_Round Island_Round Island_63.csv","Pterodroma arminjoniana","Round Island","Round Island","Round Island","Pterodroma arminjoniana_Round Island","Round Island, Round Island"
"Pterodroma arminjoniana_Round Island_Round Island_64.csv","Pterodroma arminjoniana","Round Island","Round Island","Round Island","Pterodroma arminjoniana_Round Island","Round Island, Round Island"
"Pterodroma arminjoniana_Trindade Island_Praia das Tartarugas_158.csv","Pterodroma arminjoniana","Trindade Island","Praia das Tartarugas","Trindade Island","Pterodroma arminjoniana_Trindade Island","Praia das Tartarugas, Trindade Island"
"Pterodroma arminjoniana_Trindade Island_Trindade Island_356.csv","Pterodroma arminjoniana","Trindade Island","Trindade Island","Trindade Island","Pterodroma arminjoniana_Trindade Island","Trindade Island, Trindade Island"
"Pterodroma arminjoniana_Trindade Island_Trindade Island_65.csv","Pterodroma arminjoniana","Trindade Island","Trindade Island","Trindade Island","Pterodroma arminjoniana_Trindade Island","Trindade Island, Trindade Island"
"Pterodroma axillaris_Chatham Island_South East Island_438.csv","Pterodroma axillaris","Chatham Island","South East Island","Chatham Islands","Pterodroma axillaris_Chatham Islands","South East Island, Chatham Island"
"Pterodroma axillaris_Chatham Islands_South East Island_528.csv","Pterodroma axillaris","Chatham Islands","South East Island","Chatham Islands","Pterodroma axillaris_Chatham Islands","South East Island, Chatham Islands"
"Pterodroma baraui_Reunion Island_Reunion_383.csv","Pterodroma baraui","Reunion Island","Reunion","Reunion","Pterodroma baraui_Reunion","Reunion, Reunion Island"
"Pterodroma baraui_Reunion Island_Reunion_384.csv","Pterodroma baraui","Reunion Island","Reunion","Reunion","Pterodroma baraui_Reunion","Reunion, Reunion Island"
"Pterodroma baraui_Reunion Island_Reunion_66.csv","Pterodroma baraui","Reunion Island","Reunion","Reunion","Pterodroma baraui_Reunion","Reunion, Reunion Island"
"Pterodroma cahow_Bermuda Island_Green Horn Long R Nonsuch_268.csv","Pterodroma cahow","Bermuda Island","Green Horn Long R Nonsuch","Bermuda Island","Pterodroma cahow_Bermuda Island","Green Horn Long R Nonsuch, Bermuda Island"
"Pterodroma cahow_Castle Harbour_Nonsuch Island_392.csv","Pterodroma cahow","Castle Harbour","Nonsuch Island","Bermuda Island","Pterodroma cahow_Bermuda Island","Nonsuch Island, Castle Harbour"
"Pterodroma cervicalis_Phillip Island (Norfolk Island)_Phillip Island_202.csv","Pterodroma cervicalis","Phillip Island (Norfolk Island)","Phillip Island","Phillip Island","Pterodroma cervicalis_Phillip Island","Phillip Island, Phillip Island (Norfolk Island)"
"Pterodroma cervicalis_Phillip Island (Norfolk Island)_Phillip Island_209.csv","Pterodroma cervicalis","Phillip Island (Norfolk Island)","Phillip Island","Phillip Island","Pterodroma cervicalis_Phillip Island","Phillip Island, Phillip Island (Norfolk Island)"
"Pterodroma cookii_New Zealand_Codfish Island_353.csv","Pterodroma cookii","New Zealand","Codfish Island","Codfish Island","Pterodroma cookii_Codfish Island","Codfish Island, New Zealand"
"Pterodroma cookii_New Zealand_Codfish Island_67.csv","Pterodroma cookii","New Zealand","Codfish Island","Codfish Island","Pterodroma cookii_Codfish Island","Codfish Island, New Zealand"
"Pterodroma cookii_New Zealand_Little Barrier Island_352.csv","Pterodroma cookii","New Zealand","Little Barrier Island","Little Barrier Island","Pterodroma cookii_Little Barrier Island","Little Barrier Island, New Zealand"
"Pterodroma cookii_New Zealand_Little Barrier Island_437.csv","Pterodroma cookii","New Zealand","Little Barrier Island","Little Barrier Island","Pterodroma cookii_Little Barrier Island","Little Barrier Island, New Zealand"
"Pterodroma cookii_New Zealand_Little Barrier Island_68.csv","Pterodroma cookii","New Zealand","Little Barrier Island","Little Barrier Island","Pterodroma cookii_Little Barrier Island","Little Barrier Island, New Zealand"
"Pterodroma cookii_New Zealand_Little Barrier Island_69.csv","Pterodroma cookii","New Zealand","Little Barrier Island","Little Barrier Island","Pterodroma cookii_Little Barrier Island","Little Barrier Island, New Zealand"
"Pterodroma deserta_Madeira_Bugio_109.csv","Pterodroma deserta","Madeira","Bugio","Madeira","Pterodroma deserta_Madeira","Bugio, Madeira"
"Pterodroma deserta_Madeira_Bugio_217.csv","Pterodroma deserta","Madeira","Bugio","Madeira","Pterodroma deserta_Madeira","Bugio, Madeira"
"Pterodroma deserta_Madeira_Bugio_61.csv","Pterodroma deserta","Madeira","Bugio","Madeira","Pterodroma deserta_Madeira","Bugio, Madeira"
"Pterodroma feae_Cape Verde_Fogo_467.csv","Pterodroma feae","Cape Verde","Fogo","Cape Verde","Pterodroma feae_Cape Verde","Fogo, Cape Verde"
"Pterodroma feae_Fogo_Fogo_233.csv","Pterodroma feae","Fogo","Fogo","Cape Verde","Pterodroma feae_Cape Verde","Fogo, Fogo"
"Pterodroma feae_Santiago_Santiago_265.csv","Pterodroma feae","Santiago","Santiago","Cape Verde","Pterodroma feae_Cape Verde","Santiago, Santiago"
"Pterodroma feae_Santo Antão_Santo Antão_266.csv","Pterodroma feae","Santo Antão","Santo Antão","Cape Verde","Pterodroma feae_Cape Verde","Santo Antão, Santo Antão"
"Pterodroma gouldi_Bethells Beach_Ihumoana Island_529.csv","Pterodroma gouldi","Bethells Beach","Ihumoana Island","North Island","Pterodroma gouldi_North Island","Ihumoana Island, Bethells Beach"
"Pterodroma gouldi_North Island New Zealand_Moturemu Island_488.csv","Pterodroma gouldi","North Island New Zealand","Moturemu Island","North Island","Pterodroma gouldi_North Island","Moturemu Island, North Island New Zealand"
"Pterodroma hasitata_Sierra de Bahoruco_Sierra de Bahoruco_276.csv","Pterodroma hasitata","Sierra de Bahoruco","Sierra de Bahoruco","Sierra de Bahoruco","Pterodroma hasitata_Sierra de Bahoruco","Sierra de Bahoruco, Sierra de Bahoruco"
"Pterodroma hasitata_Sierra de Bahoruco_Sierra de Bahoruco_277.csv","Pterodroma hasitata","Sierra de Bahoruco","Sierra de Bahoruco","Sierra de Bahoruco","Pterodroma hasitata_Sierra de Bahoruco","Sierra de Bahoruco, Sierra de Bahoruco"
"Pterodroma incerta_Gough_Gough Island_159.csv","Pterodroma incerta","Gough","Gough Island","Gough","Pterodroma incerta_Gough","Gough Island, Gough"
"Pterodroma incerta_Gough_Gough Island_456.csv","Pterodroma incerta","Gough","Gough Island","Gough","Pterodroma incerta_Gough","Gough Island, Gough"
"Pterodroma inexpectata_New Zealand_Lake HaurokoPetrel Island_434.csv","Pterodroma inexpectata","New Zealand","Lake HaurokoPetrel Island","Lake HaurokoPetrel Island","Pterodroma inexpectata_Lake HaurokoPetrel Island","Lake HaurokoPetrel Island, New Zealand"
"Pterodroma lessonii_Auckland_Adams Island_530.csv","Pterodroma lessonii","Auckland","Adams Island","Adams Island","Pterodroma lessonii_Adams Island","Adams Island, Auckland"
"Pterodroma lessonii_Auckland_Adams Island_531.csv","Pterodroma lessonii","Auckland","Adams Island","Adams Island","Pterodroma lessonii_Adams Island","Adams Island, Auckland"
"Pterodroma lessonii_Auckland_Adams Island_70.csv","Pterodroma lessonii","Auckland","Adams Island","Adams Island","Pterodroma lessonii_Adams Island","Adams Island, Auckland"
"Pterodroma leucoptera_Cabbage Tree Island_Cabbage Tree Island_374.csv","Pterodroma leucoptera","Cabbage Tree Island","Cabbage Tree Island","Cabbage Tree Island","Pterodroma leucoptera_Cabbage Tree Island","Cabbage Tree Island, Cabbage Tree Island"
"Pterodroma leucoptera_New Caledonia_New Caledonia_435.csv","Pterodroma leucoptera","New Caledonia","New Caledonia","New Caledonia","Pterodroma leucoptera_New Caledonia","New Caledonia, New Caledonia"
"Pterodroma leucoptera_New Caledonia_New Caledonia_71.csv","Pterodroma leucoptera","New Caledonia","New Caledonia","New Caledonia","Pterodroma leucoptera_New Caledonia","New Caledonia, New Caledonia"
"Pterodroma leucoptera_New South Wales_Cabbage Tree Island_440.csv","Pterodroma leucoptera","New South Wales","Cabbage Tree Island","Cabbage Tree Island","Pterodroma leucoptera_Cabbage Tree Island","Cabbage Tree Island, New South Wales"
"Pterodroma leucoptera_New South Wales_Cabbage Tree Island_72.csv","Pterodroma leucoptera","New South Wales","Cabbage Tree Island","Cabbage Tree Island","Pterodroma leucoptera_Cabbage Tree Island","Cabbage Tree Island, New South Wales"
"Pterodroma macroptera_Prince Edward Islands_Marion Island_489.csv","Pterodroma macroptera","Prince Edward Islands","Marion Island","Prince Edward Islands","Pterodroma macroptera_Prince Edward Islands","Marion Island, Prince Edward Islands"
"Pterodroma macroptera_Prince Edward Islands_Marion Island_504.csv","Pterodroma macroptera","Prince Edward Islands","Marion Island","Prince Edward Islands","Pterodroma macroptera_Prince Edward Islands","Marion Island, Prince Edward Islands"
"Pterodroma macroptera_Prince Edward Islands_Marion Island_538.csv","Pterodroma macroptera","Prince Edward Islands","Marion Island","Prince Edward Islands","Pterodroma macroptera_Prince Edward Islands","Marion Island, Prince Edward Islands"
"Pterodroma madeira_Madeira_Madeira_400.csv","Pterodroma madeira","Madeira","Madeira","Madeira","Pterodroma madeira_Madeira","Madeira, Madeira"
"Pterodroma madeira_Madeira_Madeira_401.csv","Pterodroma madeira","Madeira","Madeira","Madeira","Pterodroma madeira_Madeira","Madeira, Madeira"
"Pterodroma magentae_Chatham Islands_Chatham Island_532.csv","Pterodroma magentae","Chatham Islands","Chatham Island","Chatham Islands","Pterodroma magentae_Chatham Islands","Chatham Island, Chatham Islands"
"Pterodroma magentae_Chatham Islands_Chatham Island_73.csv","Pterodroma magentae","Chatham Islands","Chatham Island","Chatham Islands","Pterodroma magentae_Chatham Islands","Chatham Island, Chatham Islands"
"Pterodroma mollis_Antipodes_Antipodes Islands_533.csv","Pterodroma mollis","Antipodes","Antipodes Islands","Antipodes","Pterodroma mollis_Antipodes","Antipodes Islands, Antipodes"
"Pterodroma mollis_Antipodes_Antipodes Islands_534.csv","Pterodroma mollis","Antipodes","Antipodes Islands","Antipodes","Pterodroma mollis_Antipodes","Antipodes Islands, Antipodes"
"Pterodroma mollis_Gough_Gough Island_163.csv","Pterodroma mollis","Gough","Gough Island","Gough","Pterodroma mollis_Gough","Gough Island, Gough"
"Pterodroma mollis_Gough_Gough Island_457.csv","Pterodroma mollis","Gough","Gough Island","Gough","Pterodroma mollis_Gough","Gough Island, Gough"
"Pterodroma neglecta_Phillip Island (Norfolk Island)_Phillip Island_235.csv","Pterodroma neglecta","Phillip Island (Norfolk Island)","Phillip Island","Phillip Island","Pterodroma neglecta_Phillip Island","Phillip Island, Phillip Island (Norfolk Island)"
"Pterodroma nigripennis_Chatham Island_South East Island_436.csv","Pterodroma nigripennis","Chatham Island","South East Island","Chatham Islands","Pterodroma nigripennis_Chatham Islands","South East Island, Chatham Island"
"Pterodroma nigripennis_Chatham Island_South East Island_74.csv","Pterodroma nigripennis","Chatham Island","South East Island","Chatham Islands","Pterodroma nigripennis_Chatham Islands","South East Island, Chatham Island"
"Pterodroma nigripennis_Phillip Island (Norfolk Island)_Phillip Island_201.csv","Pterodroma nigripennis","Phillip Island (Norfolk Island)","Phillip Island","Phillip Island","Pterodroma nigripennis_Phillip Island","Phillip Island, Phillip Island (Norfolk Island)"
"Pterodroma nigripennis_Phillip Island (Norfolk Island)_Phillip Island_210.csv","Pterodroma nigripennis","Phillip Island (Norfolk Island)","Phillip Island","Phillip Island","Pterodroma nigripennis_Phillip Island","Phillip Island, Phillip Island (Norfolk Island)"
"Pterodroma phaeopygia_Galapagos_Santa Cruz_442.csv","Pterodroma phaeopygia","Galapagos","Santa Cruz","Galapagos","Pterodroma phaeopygia_Galapagos","Santa Cruz, Galapagos"
"Pterodroma pycrofti_New Zealand_Red Mercury Island_433.csv","Pterodroma pycrofti","New Zealand","Red Mercury Island","Red Mercury Island","Pterodroma pycrofti_Red Mercury Island","Red Mercury Island, New Zealand"
"Pterodroma sandwichensis_Hawaii_HawaiiIsland_or_Kauai_or_Lanai_492.csv","Pterodroma sandwichensis","Hawaii","HawaiiIsland","Hawaii","Pterodroma sandwichensis_Hawaii","HawaiiIsland, Hawaii"
"Pterodroma sandwichensis_Hawaii_US - Maui_490.csv","Pterodroma sandwichensis","Hawaii","US - Maui","Hawaii","Pterodroma sandwichensis_Hawaii","US - Maui, Hawaii"
"Pterodroma solandri_Lord Howe Island_Lord Howe Island_441.csv","Pterodroma solandri","Lord Howe Island","Lord Howe Island","Lord Howe Island","Pterodroma solandri_Lord Howe Island","Lord Howe Island, Lord Howe Island"
"Pterodroma ultima_Henderson Island_Henderson Island_198.csv","Pterodroma ultima","Henderson Island","Henderson Island","Henderson Island","Pterodroma ultima_Henderson Island","Henderson Island, Henderson Island"
"Pterodroma ultima_Henderson Island_North Beach_57.csv","Pterodroma ultima","Henderson Island","North Beach","Henderson Island","Pterodroma ultima_Henderson Island","North Beach, Henderson Island"
"Puffinus assimilis_Lord Howe Island_Lord Howe Island_412.csv","Puffinus assimilis","Lord Howe Island","Lord Howe Island","Lord Howe Island","Puffinus assimilis_Lord Howe Island","Lord Howe Island, Lord Howe Island"
"Puffinus assimilis_Mokohinau_Burgess Island_535.csv","Puffinus assimilis","Mokohinau","Burgess Island","E of Aukland","Puffinus assimilis_E of Aukland","Burgess Island, Mokohinau"
"Puffinus assimilis_Mokohinau_Burgess Island_75.csv","Puffinus assimilis","Mokohinau","Burgess Island","E of Aukland","Puffinus assimilis_E of Aukland","Burgess Island, Mokohinau"
"Puffinus bailloni_Seychelles_Aride_544.csv","Puffinus bailloni","Seychelles","Aride","Seychelles","Puffinus bailloni_Seychelles","Aride, Seychelles"
"Puffinus bailloni_Seychelles_Aride_76.csv","Puffinus bailloni","Seychelles","Aride","Seychelles","Puffinus bailloni_Seychelles","Aride, Seychelles"
"Puffinus gavia_Mokohinau_Burgess Island_536.csv","Puffinus gavia","Mokohinau","Burgess Island","E of Aukland","Puffinus gavia_E of Aukland","Burgess Island, Mokohinau"
"Puffinus gavia_Mokohinau_Burgess Island_77.csv","Puffinus gavia","Mokohinau","Burgess Island","E of Aukland","Puffinus gavia_E of Aukland","Burgess Island, Mokohinau"
"Puffinus huttoni_New Zealand_Te Rae o Atiu_278.csv","Puffinus huttoni","New Zealand","Te Rae o Atiu","Te Rae o Atiu","Puffinus huttoni_Te Rae o Atiu","Te Rae o Atiu, New Zealand"
"Puffinus lherminieri_Azores_Vila_366.csv","Puffinus lherminieri","Azores","Vila","Azores","Puffinus lherminieri_Azores","Vila, Azores"
"Puffinus lherminieri_Cape Verde_Ilheu de Cima_468.csv","Puffinus lherminieri","Cape Verde","Ilheu de Cima","Cape Verde","Puffinus lherminieri_Cape Verde","Ilheu de Cima, Cape Verde"
"Puffinus lherminieri_Ilhéus do Rombo_Ilhéu de Cima_232.csv","Puffinus lherminieri","Ilhéus do Rombo","Ilhéu de Cima","Cape Verde","Puffinus lherminieri_Cape Verde","Ilhéu de Cima, Ilhéus do Rombo"
"Puffinus lherminieri_Madeira_Cima Islet_59.csv","Puffinus lherminieri","Madeira","Cima Islet","Madeira","Puffinus lherminieri_Madeira","Cima Islet, Madeira"
"Puffinus lherminieri_Madeira_Selvagens_60.csv","Puffinus lherminieri","Madeira","Selvagens","Madeira","Puffinus lherminieri_Madeira","Selvagens, Madeira"
"Puffinus lherminieri_Raso Islet_Raso Islet_215.csv","Puffinus lherminieri","Raso Islet","Raso Islet","Cape Verde","Puffinus lherminieri_Cape Verde","Raso Islet, Raso Islet"
"Puffinus lherminieri_Raso Islet_Raso_469.csv","Puffinus lherminieri","Raso Islet","Raso","Cape Verde","Puffinus lherminieri_Cape Verde","Raso, Raso Islet"
"Puffinus mauretanicus_Balearic Archipelago_Ibiza_195.csv","Puffinus mauretanicus","Balearic Archipelago","Ibiza","Balearic Archipelago","Puffinus mauretanicus_Balearic Archipelago","Ibiza, Balearic Archipelago"
"Puffinus mauretanicus_Balearic Archipelago_Ibiza_196.csv","Puffinus mauretanicus","Balearic Archipelago","Ibiza","Balearic Archipelago","Puffinus mauretanicus_Balearic Archipelago","Ibiza, Balearic Archipelago"
"Puffinus mauretanicus_Balearic Archipelago_Ibiza_402.csv","Puffinus mauretanicus","Balearic Archipelago","Ibiza","Balearic Archipelago","Puffinus mauretanicus_Balearic Archipelago","Ibiza, Balearic Archipelago"
"Puffinus mauretanicus_Balearic Archipelago_Ibiza_410.csv","Puffinus mauretanicus","Balearic Archipelago","Ibiza","Balearic Archipelago","Puffinus mauretanicus_Balearic Archipelago","Ibiza, Balearic Archipelago"
"Puffinus mauretanicus_Balearic Archipelago_Ibiza_431.csv","Puffinus mauretanicus","Balearic Archipelago","Ibiza","Balearic Archipelago","Puffinus mauretanicus_Balearic Archipelago","Ibiza, Balearic Archipelago"
"Puffinus mauretanicus_Balearic Archipelago_Mallorca_403.csv","Puffinus mauretanicus","Balearic Archipelago","Mallorca","Balearic Archipelago","Puffinus mauretanicus_Balearic Archipelago","Mallorca, Balearic Archipelago"
"Puffinus mauretanicus_Balearic Archipelago_Menorca_404.csv","Puffinus mauretanicus","Balearic Archipelago","Menorca","Balearic Archipelago","Puffinus mauretanicus_Balearic Archipelago","Menorca, Balearic Archipelago"
"Puffinus newelli_Hawaii_Kauai_513.csv","Puffinus newelli","Hawaii","Kauai","Hawaii","Puffinus newelli_Hawaii","Kauai, Hawaii"
"Puffinus opisthomelas_Isla Natividad_Isla Natividad_245.csv","Puffinus opisthomelas","Isla Natividad","Isla Natividad","Isla Natividad","Puffinus opisthomelas_Isla Natividad","Isla Natividad, Isla Natividad"
"Puffinus puffinus_Blaskets_Blaskets_225.csv","Puffinus puffinus","Blaskets","Blaskets","Ireland","Puffinus puffinus_Ireland","Blaskets, Blaskets"
"Puffinus puffinus_England_Lundy_91.csv","Puffinus puffinus","England","Lundy","UK","Puffinus puffinus_UK","Lundy, England"
"Puffinus puffinus_High Island_High Island_226.csv","Puffinus puffinus","High Island","High Island","Ireland","Puffinus puffinus_Ireland","High Island, High Island"
"Puffinus puffinus_Iceland_Heimaey_86.csv","Puffinus puffinus","Iceland","Heimaey","Heimaey","Puffinus puffinus_Heimaey","Heimaey, Iceland"
"Puffinus puffinus_Northern Ireland_Copeland_89.csv","Puffinus puffinus","Northern Ireland","Copeland","UK","Puffinus puffinus_UK","Copeland, Northern Ireland"
"Puffinus puffinus_Small Isles_Rum_88.csv","Puffinus puffinus","Small Isles","Rum","UK","Puffinus puffinus_UK","Rum, Small Isles"
"Puffinus puffinus_Wales_Bardsey_254.csv","Puffinus puffinus","Wales","Bardsey","UK","Puffinus puffinus_UK","Bardsey, Wales"
"Puffinus puffinus_Wales_Ramsey_90.csv","Puffinus puffinus","Wales","Ramsey","UK","Puffinus puffinus_UK","Ramsey, Wales"
"Puffinus puffinus_Wales_Skomer_92.csv","Puffinus puffinus","Wales","Skomer","UK","Puffinus puffinus_UK","Skomer, Wales"
"Puffinus puffinus_Wales_Skomer_93.csv","Puffinus puffinus","Wales","Skomer","UK","Puffinus puffinus_UK","Skomer, Wales"
"Puffinus yelkouan_Iles Hyeres_Iles Hyeres_369.csv","Puffinus yelkouan","Iles Hyeres","Iles Hyeres","Iles Hyeres","Puffinus yelkouan_Iles Hyeres","Iles Hyeres, Iles Hyeres"
"Puffinus yelkouan_Iles Hyeres_Porquerolles_156.csv","Puffinus yelkouan","Iles Hyeres","Porquerolles","Iles Hyeres","Puffinus yelkouan_Iles Hyeres","Porquerolles, Iles Hyeres"
"Puffinus yelkouan_Iles Hyeres_Port Cros_157.csv","Puffinus yelkouan","Iles Hyeres","Port Cros","Iles Hyeres","Puffinus yelkouan_Iles Hyeres","Port Cros, Iles Hyeres"
"Puffinus yelkouan_Malta_Majjistral_204.csv","Puffinus yelkouan","Malta","Majjistral","Malta","Puffinus yelkouan_Malta","Majjistral, Malta"
"Puffinus yelkouan_Malta_Majjistral_406.csv","Puffinus yelkouan","Malta","Majjistral","Malta","Puffinus yelkouan_Malta","Majjistral, Malta"
"Puffinus yelkouan_Malta_Majjistral_448.csv","Puffinus yelkouan","Malta","Majjistral","Malta","Puffinus yelkouan_Malta","Majjistral, Malta"
"Puffinus yelkouan_Malta_Malta_370.csv","Puffinus yelkouan","Malta","Malta","Malta","Puffinus yelkouan_Malta","Malta, Malta"
"Puffinus yelkouan_Malta_Malta_372.csv","Puffinus yelkouan","Malta","Malta","Malta","Puffinus yelkouan_Malta","Malta, Malta"
"Puffinus yelkouan_Malta_Rdum Tal Madonna_203.csv","Puffinus yelkouan","Malta","Rdum Tal Madonna","Malta","Puffinus yelkouan_Malta","Rdum Tal Madonna, Malta"
"Puffinus yelkouan_Malta_Rdum Tal Madonna_405.csv","Puffinus yelkouan","Malta","Rdum Tal Madonna","Malta","Puffinus yelkouan_Malta","Rdum Tal Madonna, Malta"
"Thalassoica antarctica_Davis_Hop Island_1.csv","Thalassoica antarctica","Davis","Hop Island","Davis","Thalassoica antarctica_Davis","Hop Island, Davis"
"Thalassoica antarctica_Svarthamaren_Svarthamaren_487.csv","Thalassoica antarctica","Svarthamaren","Svarthamaren","Svarthamaren","Thalassoica antarctica_Svarthamaren","Svarthamaren, Svarthamaren"
"Thalassoica antarctica_Svarthamaren_Svarthamaren_539.csv","Thalassoica antarctica","Svarthamaren","Svarthamaren","Svarthamaren","Thalassoica antarctica_Svarthamaren","Svarthamaren, Svarthamaren"
